project_type,land_area,affected_families,documentation_completion,compensation_completion,legal_disputes,approval_delay_days,rr_completion,possession_completion,stakeholder_response_days,historical_delay_rate,delayed,actual_delay_days
Industrial Corridor,308.9,347,91.4,84.0,0,30,46.8,39.1,10,12.7,0,0
Railway,281.6,208,86.7,78.5,1,28,65.4,56.9,17,31.4,0,0
Urban Infrastructure,559.7,491,69.6,87.8,0,3,67.2,78.7,7,7.5,0,0
Irrigation,1343.5,862,68.9,70.9,5,27,48.8,34.5,12,12.0,1,114
Highway,365.5,459,67.2,60.2,2,53,52.6,35.3,11,18.2,0,0
Urban Infrastructure,867.8,1152,82.9,79.9,5,15,67.3,68.2,16,42.6,1,402
Industrial Corridor,215.8,211,61.6,58.2,3,34,42.6,8.7,4,13.9,1,46
Industrial Corridor,91.1,121,99.6,75.1,0,8,50.9,36.8,9,29.7,0,0
Highway,166.6,447,60.1,22.0,2,23,73.7,79.8,9,3.3,1,155
Railway,225.7,251,75.4,71.8,0,11,62.5,29.2,9,26.3,0,0
Railway,914.4,642,68.3,78.8,3,13,53.5,52.3,5,45.1,1,49
Urban Infrastructure,293.3,261,64.8,60.1,2,58,44.9,33.2,7,31.5,0,0
Irrigation,573.3,808,100.0,89.3,4,20,42.7,41.0,14,3.2,0,0
Industrial Corridor,202.2,112,65.0,57.7,1,23,60.4,42.0,4,26.5,0,0
Railway,183.5,96,67.1,50.6,1,35,100.0,98.2,10,20.9,0,0
Highway,64.9,57,61.4,22.4,0,22,74.3,71.6,6,39.5,1,90
Irrigation,895.8,622,72.7,88.7,2,33,36.3,29.7,9,24.9,1,75
Highway,699.1,270,70.4,69.5,0,36,77.1,75.6,6,10.2,0,0
Industrial Corridor,331.3,265,54.1,24.5,2,12,47.8,22.7,14,24.5,0,0
Irrigation,235.9,372,65.2,64.5,2,7,62.9,72.8,3,18.3,0,0
Industrial Corridor,301.4,289,81.8,62.7,3,22,51.2,42.8,9,2.2,1,44
Railway,87.7,29,88.4,71.6,0,13,100.0,89.7,14,24.1,0,0
Urban Infrastructure,393.3,412,72.4,47.1,3,38,40.3,33.2,9,26.0,1,89
Urban Infrastructure,662.3,403,72.9,38.1,1,14,69.3,45.8,4,30.2,1,36
Industrial Corridor,683.9,1496,66.2,53.5,6,53,49.3,62.9,4,37.2,1,55
Highway,67.7,68,64.0,80.4,0,54,77.8,60.3,9,22.9,0,0
Railway,569.9,279,57.3,59.1,1,50,68.9,78.6,2,9.5,0,0
Highway,88.3,97,47.1,8.5,0,31,88.1,86.7,11,16.8,1,24
Highway,30.7,26,60.8,72.6,0,11,77.4,88.6,3,25.8,0,0
Irrigation,584.0,870,86.5,71.5,4,15,49.1,45.1,3,39.4,1,142
Industrial Corridor,189.7,99,65.2,92.4,0,31,100.0,99.7,19,26.0,0,0
Urban Infrastructure,531.0,530,66.5,77.4,4,18,74.1,40.5,17,24.5,1,116
Railway,500.1,117,66.2,45.8,0,17,52.0,39.4,6,23.4,0,0
Railway,458.7,357,91.9,83.4,4,51,67.1,51.5,15,25.9,1,15
Railway,298.7,97,57.1,54.4,0,5,75.6,83.2,4,47.0,0,0
Highway,97.8,80,76.4,79.8,2,32,74.9,54.8,11,25.1,0,0
Highway,226.1,210,70.9,90.9,0,29,72.9,39.3,16,23.1,1,82
Railway,691.2,675,73.1,55.4,1,23,82.3,60.3,5,26.4,0,0
Highway,540.1,283,75.9,71.9,1,8,80.4,91.1,3,18.6,0,0
Irrigation,235.2,187,72.9,86.2,2,16,46.0,44.0,8,8.8,0,0
Railway,233.0,323,84.7,76.3,1,23,100.0,89.4,5,6.9,0,0
Industrial Corridor,431.6,796,71.5,55.4,0,7,100.0,99.7,5,18.0,0,0
Industrial Corridor,314.4,255,99.9,94.7,0,44,79.0,32.0,3,39.0,0,0
Highway,244.5,344,72.7,63.1,1,21,63.8,62.0,1,38.8,0,0
Industrial Corridor,407.4,167,44.7,36.2,0,19,64.1,55.8,5,13.7,1,130
Industrial Corridor,398.2,230,82.2,84.1,2,34,56.5,56.5,6,24.3,0,0
Railway,170.4,147,78.3,69.5,0,59,59.1,46.6,4,27.4,1,15
Highway,359.7,251,72.5,54.2,2,15,19.3,0.0,3,18.0,0,0
Irrigation,381.8,249,67.8,45.3,1,6,93.6,82.9,13,40.4,0,0
Highway,282.6,374,38.2,19.1,2,64,86.5,80.8,9,34.4,1,15
Highway,155.8,57,40.9,42.4,0,25,29.5,36.6,3,30.0,1,65
Highway,220.8,86,98.4,81.5,2,81,80.8,53.7,8,26.8,0,0
Industrial Corridor,130.6,38,62.6,48.1,2,53,62.8,56.0,4,8.8,1,64
Irrigation,366.5,322,87.4,89.3,1,10,59.0,52.8,12,40.9,0,0
Industrial Corridor,68.1,41,46.4,44.9,0,18,72.9,99.0,4,32.4,0,0
Industrial Corridor,737.3,922,55.3,37.8,1,1,28.1,21.0,14,30.5,1,198
Railway,642.3,536,82.9,55.6,0,11,62.8,59.8,13,17.9,0,0
Irrigation,388.1,200,70.4,87.8,0,5,64.6,83.0,10,18.8,1,23
Highway,519.4,241,80.6,49.6,5,12,64.6,40.8,4,31.4,1,101
Highway,496.7,53,71.8,47.5,1,3,35.7,34.7,6,38.1,1,15
Irrigation,317.9,213,68.7,57.9,4,9,71.9,34.5,7,45.0,0,0
Railway,249.6,82,61.1,56.5,1,12,84.2,54.0,8,17.9,0,0
Irrigation,228.9,307,52.9,39.4,0,19,71.1,72.9,14,24.3,1,89
Industrial Corridor,754.7,444,94.4,95.4,2,4,58.4,28.9,6,3.0,0,0
Irrigation,151.2,38,97.1,91.6,1,46,100.0,66.8,12,2.0,0,0
Irrigation,153.7,230,55.4,68.1,0,11,44.5,43.9,3,31.8,0,0
Irrigation,549.8,372,54.3,70.7,1,26,78.5,85.0,5,16.6,0,0
Highway,516.1,539,66.4,25.7,0,11,67.9,91.2,4,4.3,0,0
Highway,238.8,124,77.4,68.5,0,20,100.0,85.3,12,13.2,0,0
Railway,416.8,636,69.1,58.2,2,19,70.7,76.3,16,29.8,0,0
Highway,454.3,193,80.0,72.4,0,47,75.0,59.8,5,30.2,0,0
Railway,93.4,57,71.2,74.8,0,16,73.1,72.6,4,8.0,0,0
Urban Infrastructure,669.2,130,70.2,66.5,0,17,41.8,44.5,6,39.6,0,0
Highway,454.2,683,100.0,90.7,2,7,45.6,45.0,4,18.3,0,0
Highway,393.1,188,63.6,58.4,2,3,57.5,68.0,5,29.0,0,0
Highway,456.6,407,98.2,100.0,4,24,82.1,81.5,6,26.4,1,91
Highway,361.2,350,95.1,80.4,2,25,67.7,69.7,6,25.9,0,0
Irrigation,270.9,370,80.1,69.5,1,23,58.9,50.1,2,15.7,0,0
Irrigation,319.9,273,41.2,27.7,2,39,90.4,79.8,5,25.7,1,58
Industrial Corridor,85.6,60,72.5,54.6,0,19,23.4,30.5,18,29.0,1,160
Irrigation,947.4,1218,63.8,58.2,2,14,37.1,11.6,3,23.8,1,73
Railway,267.6,257,72.3,66.7,1,22,13.1,6.5,8,27.1,1,158
Industrial Corridor,937.2,597,55.0,26.2,2,17,87.2,55.7,7,38.1,1,78
Highway,323.7,499,84.1,89.3,1,5,61.1,48.5,21,20.8,0,0
Highway,182.2,183,87.8,100.0,2,42,82.3,72.3,8,33.2,1,27
Highway,656.8,203,90.7,74.9,3,11,60.8,59.2,17,23.7,0,0
Industrial Corridor,382.2,650,65.9,66.7,0,18,83.5,65.3,8,41.7,0,0
Railway,1164.5,596,55.0,62.1,1,12,60.5,51.0,5,10.5,0,0
Highway,178.5,243,77.6,57.2,0,47,71.2,49.3,8,40.3,0,0
Railway,674.6,173,100.0,94.0,1,12,68.3,35.2,3,20.2,0,0
Highway,697.8,894,73.1,82.8,1,52,69.8,71.7,8,49.2,1,260
Irrigation,479.8,155,79.2,44.1,2,10,96.7,78.5,5,30.8,0,0
Railway,701.5,589,68.2,82.7,4,32,30.5,12.7,5,35.4,1,29
Railway,272.1,268,63.9,57.1,1,17,61.6,45.7,13,24.2,0,0
Highway,150.6,97,82.5,100.0,1,4,67.0,64.5,6,33.5,0,0
Irrigation,195.4,147,70.3,58.5,3,51,64.0,61.2,2,33.5,1,15
Railway,308.1,115,78.5,79.5,2,9,55.0,54.8,10,24.4,1,55
Highway,496.3,598,80.1,60.6,1,14,52.3,52.4,11,34.4,1,57
Highway,159.5,138,77.6,69.8,1,24,93.6,97.2,23,2.0,0,0
Urban Infrastructure,229.0,97,80.9,54.0,0,6,61.6,54.2,8,18.9,1,37
Urban Infrastructure,170.1,151,58.4,56.4,1,11,100.0,100.0,6,26.2,0,0
Irrigation,555.7,501,57.4,71.9,1,16,73.6,58.1,10,31.5,0,0
Highway,932.5,724,71.3,60.0,0,4,57.2,47.3,3,36.7,0,0
Urban Infrastructure,129.9,14,71.7,67.2,1,22,74.1,62.6,5,23.2,0,0
Industrial Corridor,430.2,253,63.6,81.1,0,6,65.2,60.3,10,21.7,0,0
Industrial Corridor,601.7,719,75.9,82.7,1,32,89.8,79.8,6,35.6,1,80
Railway,254.7,259,86.5,88.8,1,43,39.6,34.3,2,38.7,0,0
Highway,90.0,90,91.0,61.2,0,33,27.0,6.3,6,34.1,1,34
Highway,652.9,563,94.6,76.7,3,37,70.2,67.8,8,24.3,1,95
Urban Infrastructure,84.8,108,51.0,47.9,0,15,79.7,65.1,6,54.0,1,63
Railway,778.5,397,53.4,38.8,0,5,68.7,79.3,2,26.9,0,0
Highway,167.2,74,67.4,88.0,1,41,76.4,56.7,1,28.4,0,0
Highway,73.3,142,73.3,73.2,2,11,73.5,72.9,11,44.0,1,58
Irrigation,206.9,98,68.2,54.6,2,18,33.4,38.1,11,42.8,1,157
Highway,290.7,88,63.2,52.9,1,8,68.6,76.7,5,33.8,0,0
Urban Infrastructure,336.0,214,67.1,66.7,1,7,89.3,98.6,4,16.1,0,0
Industrial Corridor,454.7,361,79.7,72.2,2,24,66.4,64.6,6,27.2,0,0
Industrial Corridor,357.5,457,50.7,38.0,4,20,36.8,5.3,12,31.7,0,0
Railway,884.6,521,100.0,92.1,1,4,56.3,56.9,8,47.5,0,0
Irrigation,280.9,165,72.3,52.2,3,11,74.1,98.2,15,58.4,1,32
Irrigation,370.8,278,88.8,76.3,3,65,98.9,84.4,8,19.4,0,0
Irrigation,349.6,184,62.7,47.5,1,29,23.9,31.6,4,35.4,1,15
Highway,64.8,17,81.2,49.2,2,10,70.2,49.0,5,17.0,0,0
Railway,109.6,35,73.6,54.0,0,14,44.4,41.7,10,24.6,1,15
Highway,309.0,456,85.7,53.3,0,20,73.2,68.3,17,16.5,0,0
Railway,402.4,453,68.8,70.2,1,14,74.8,47.8,8,44.4,0,0
Railway,41.3,30,96.8,100.0,2,49,58.3,40.0,13,28.6,1,47
Highway,910.4,926,48.1,42.1,4,28,75.6,85.3,9,29.2,1,228
Highway,424.8,486,87.2,82.4,1,33,85.8,93.3,9,26.5,0,0
Irrigation,296.6,146,73.9,45.5,3,36,59.7,77.5,18,30.1,1,40
Highway,411.6,153,55.7,63.5,0,28,36.3,0.0,3,30.5,1,15
Urban Infrastructure,197.8,275,100.0,93.1,0,31,91.5,95.4,6,18.5,0,0
Irrigation,338.5,45,100.0,86.3,0,47,79.6,53.1,5,7.4,0,0
Railway,377.1,387,38.8,29.4,0,32,74.3,73.3,7,11.4,0,0
Irrigation,657.9,548,74.8,69.2,0,7,49.2,56.4,2,8.3,0,0
Highway,262.8,345,83.3,70.3,1,59,82.7,73.4,7,28.1,0,0
Urban Infrastructure,87.0,91,79.1,56.0,1,3,100.0,95.9,5,17.0,0,0
Railway,147.3,149,96.2,66.7,0,27,60.6,39.6,5,36.8,0,0
Industrial Corridor,247.4,98,92.9,84.4,2,21,64.9,43.7,14,28.6,1,31
Highway,96.3,113,76.2,79.6,2,13,41.7,41.6,4,5.8,0,0
Railway,134.2,128,100.0,70.5,3,36,48.6,61.2,21,21.5,1,58
Railway,148.5,64,87.0,94.1,1,17,41.5,50.5,8,2.6,0,0
Urban Infrastructure,235.1,197,66.4,33.3,2,28,65.6,90.8,1,13.4,0,0
Irrigation,421.0,144,63.2,36.4,0,6,56.2,51.3,13,20.6,1,133
Railway,226.8,152,91.9,63.0,2,41,70.5,61.7,1,15.6,0,0
Highway,440.5,1053,59.3,41.7,6,38,45.2,53.3,3,46.7,1,189
Railway,296.8,114,65.4,87.0,1,19,59.6,69.6,9,34.2,1,79
Irrigation,138.1,36,68.2,74.7,2,9,43.9,35.1,6,22.4,0,0
Railway,381.4,123,77.7,65.4,2,43,66.8,67.3,11,41.7,1,62
Highway,341.6,228,68.9,70.4,1,3,30.4,24.6,5,15.3,0,0
Industrial Corridor,448.3,490,50.9,47.3,2,20,66.0,62.5,5,22.3,0,0
Urban Infrastructure,511.3,390,90.6,74.0,1,15,57.4,44.7,5,35.4,1,169
Highway,671.3,191,65.5,59.9,2,26,66.6,66.1,9,13.7,1,17
Irrigation,430.6,467,100.0,100.0,0,15,30.0,28.3,11,33.5,1,32
Highway,333.7,59,76.9,56.5,5,37,76.1,95.3,3,29.2,0,0
Irrigation,449.7,139,92.3,77.1,3,7,57.0,48.8,14,32.5,0,0
Highway,210.0,108,82.1,77.6,0,43,67.3,57.0,21,45.8,1,16
Irrigation,198.1,270,93.0,75.0,1,17,25.6,19.3,7,31.0,1,16
Industrial Corridor,730.8,571,81.1,71.8,3,12,38.1,0.4,8,27.4,0,0
Industrial Corridor,193.6,155,75.8,49.2,3,26,55.2,43.8,5,9.5,0,0
Highway,151.7,44,89.5,79.4,4,35,90.5,83.8,13,28.3,0,0
Urban Infrastructure,430.5,235,100.0,73.5,0,16,73.5,57.0,1,20.7,1,56
Highway,211.4,265,67.7,85.9,0,17,65.6,24.9,17,24.6,1,51
Highway,507.9,466,84.7,70.3,0,10,44.5,31.7,15,20.8,0,0
Irrigation,639.6,709,71.9,69.5,1,3,40.9,65.3,3,31.4,0,0
Railway,169.5,124,80.1,84.1,0,12,68.5,53.0,4,15.1,0,0
Industrial Corridor,465.8,586,72.7,48.5,1,20,77.0,81.2,6,28.3,0,0
Industrial Corridor,190.0,55,37.5,17.1,0,14,67.2,87.0,12,14.5,0,0
Highway,251.4,165,68.8,88.9,0,14,97.2,62.7,2,6.2,0,0
Urban Infrastructure,369.5,369,88.0,70.0,0,6,49.4,18.2,5,22.2,1,39
Highway,198.5,44,59.8,43.5,3,8,66.6,71.2,10,31.1,1,19
Railway,346.8,29,86.7,88.8,2,6,29.1,33.6,3,17.5,0,0
Highway,266.9,519,74.9,78.6,2,20,67.2,55.8,7,27.5,0,0
Urban Infrastructure,515.5,406,68.9,83.2,1,27,92.4,96.7,7,22.0,1,31
Highway,516.4,106,86.5,83.2,3,21,42.2,35.2,3,14.6,0,0
Highway,199.2,155,82.9,77.4,0,28,79.8,81.5,7,32.1,0,0
Railway,375.3,117,78.7,59.5,1,7,91.8,88.8,8,18.8,0,0
Urban Infrastructure,568.2,226,88.3,76.5,1,19,49.2,61.3,4,30.1,0,0
Urban Infrastructure,132.3,184,75.2,82.0,1,13,72.3,50.9,2,9.9,0,0
Industrial Corridor,265.7,138,45.7,34.4,1,16,94.6,67.5,2,27.5,1,67
Urban Infrastructure,364.1,188,66.0,61.6,0,4,67.6,60.1,9,32.9,0,0
Urban Infrastructure,127.5,39,43.1,48.2,0,6,78.7,70.2,9,29.9,1,99
Railway,217.8,129,82.5,96.8,1,20,27.5,9.1,5,35.8,1,21
Highway,826.7,678,86.3,69.6,1,10,74.9,65.9,6,33.1,0,0
Industrial Corridor,193.2,100,87.1,72.9,2,10,73.3,38.4,5,29.3,0,0
Irrigation,210.0,469,79.8,64.0,2,15,36.5,47.2,14,35.3,1,144
Railway,427.3,154,87.5,89.7,2,27,43.7,21.8,5,21.9,1,42
Highway,114.6,41,46.8,36.4,1,35,75.1,67.8,19,31.7,0,0
Industrial Corridor,269.9,156,70.3,81.6,0,3,56.9,64.7,4,26.2,0,0
Highway,152.9,318,49.4,55.2,0,12,85.2,42.5,13,46.4,1,54
Urban Infrastructure,346.4,387,66.3,57.8,5,22,69.2,24.4,3,29.0,0,0
Highway,13.0,7,97.9,86.2,0,26,64.1,58.2,9,11.9,0,0
Highway,313.9,160,89.5,100.0,1,33,59.6,43.9,2,28.8,0,0
Industrial Corridor,371.1,130,82.6,89.4,0,24,68.9,67.0,5,15.5,0,0
Highway,222.1,126,69.1,66.2,0,10,79.1,74.8,13,34.0,0,0
Highway,232.6,150,56.1,34.7,1,21,73.7,81.7,3,34.2,1,18
Irrigation,201.8,220,75.0,78.4,4,19,54.5,64.7,16,19.3,1,16
Urban Infrastructure,267.3,256,89.8,79.8,1,6,87.8,51.1,11,14.6,0,0
Highway,737.0,410,78.6,67.2,2,9,76.2,67.8,11,27.5,0,0
Highway,526.0,869,46.6,42.1,3,23,70.7,60.9,11,16.1,1,58
Industrial Corridor,267.1,124,73.7,61.9,2,33,64.8,68.0,17,16.8,0,0
Urban Infrastructure,217.8,55,41.4,52.2,0,11,73.0,61.2,9,20.4,1,169
Railway,494.1,417,84.9,86.1,2,65,26.4,40.0,4,32.9,1,78
Highway,331.0,441,60.9,32.8,1,1,67.8,70.4,10,9.7,1,15
Highway,124.8,89,52.4,23.3,0,18,95.8,100.0,7,17.7,0,0
Highway,245.1,73,85.1,65.3,1,20,67.4,39.0,15,52.4,1,39
Highway,687.6,552,81.0,57.6,3,37,64.7,80.5,7,47.5,1,72
Irrigation,416.0,360,75.7,93.3,1,10,51.1,59.8,12,39.3,1,25
Highway,219.6,202,100.0,100.0,1,12,72.9,94.6,3,26.5,0,0
Railway,81.5,66,82.2,78.6,4,12,59.1,63.5,6,34.3,0,0
Irrigation,345.2,495,61.7,19.9,2,36,89.2,87.1,7,21.8,0,0
Irrigation,298.0,103,80.3,76.7,0,41,45.7,22.0,15,2.0,0,0
Highway,261.2,14,67.4,49.0,0,14,54.0,48.3,11,19.7,0,0
Industrial Corridor,497.7,88,92.3,79.0,2,8,51.0,48.2,3,20.8,0,0
Industrial Corridor,419.5,123,76.5,63.5,1,8,99.7,86.2,7,26.3,0,0
Industrial Corridor,84.1,101,78.1,70.4,2,5,59.2,56.8,5,31.3,0,0
Highway,299.2,178,48.9,57.7,0,44,52.0,6.9,11,44.2,1,156
Highway,104.4,180,73.0,100.0,1,18,21.2,21.1,12,26.3,0,0
Urban Infrastructure,204.4,67,71.1,45.2,2,35,44.8,29.6,14,15.0,0,0
Railway,97.6,167,55.6,56.2,2,15,73.6,52.2,12,23.8,0,0
Highway,100.7,40,68.5,86.6,1,72,73.5,73.8,4,33.1,0,0
Railway,374.5,241,79.0,64.9,0,31,50.0,38.5,7,24.8,1,51
Irrigation,349.7,72,71.9,58.0,2,23,51.1,49.6,13,17.2,1,35
Urban Infrastructure,283.6,448,49.4,30.6,2,27,100.0,86.9,15,31.8,1,19
Highway,191.1,134,67.6,44.0,4,8,100.0,89.5,3,13.4,0,0
Urban Infrastructure,91.2,209,64.5,69.4,1,12,86.0,79.1,10,16.3,0,0
Highway,205.1,280,75.1,79.3,2,34,94.2,100.0,7,30.6,0,0
Irrigation,350.7,222,73.4,69.9,0,19,98.4,61.4,8,17.4,0,0
Irrigation,345.2,154,65.4,45.9,1,28,100.0,82.2,11,22.1,1,20
Highway,678.5,835,64.8,86.2,2,14,57.0,71.8,7,26.2,0,0
Highway,617.3,461,73.1,63.3,0,17,45.4,42.7,8,25.5,0,0
Railway,291.7,125,87.4,66.4,0,42,99.7,100.0,3,15.4,0,0
Urban Infrastructure,203.5,159,76.5,56.0,2,21,43.7,23.3,7,29.6,1,22
Irrigation,156.0,24,94.8,76.9,1,22,42.4,33.7,6,15.9,0,0
Urban Infrastructure,78.7,73,90.1,67.2,1,17,42.9,33.8,6,44.2,1,15
Industrial Corridor,114.5,119,95.9,100.0,3,13,60.4,64.0,6,21.6,0,0
Railway,351.1,112,93.9,63.3,1,15,23.3,19.0,18,32.7,0,0
Industrial Corridor,438.9,639,97.0,84.4,6,19,34.3,13.5,11,34.1,1,125
Highway,235.3,301,53.5,26.8,1,43,50.6,25.8,3,22.1,1,15
Highway,1140.1,1003,82.4,90.8,4,19,39.1,17.4,2,15.4,0,0
Industrial Corridor,115.5,44,91.5,100.0,1,38,84.2,98.5,6,34.0,0,0
Industrial Corridor,71.6,77,94.4,61.4,0,8,63.1,56.9,13,10.4,0,0
Highway,1127.7,647,59.7,64.7,2,26,74.5,61.7,4,12.0,0,0
Irrigation,87.2,72,82.5,78.9,1,3,72.4,74.4,12,32.7,0,0
Irrigation,232.9,264,73.2,57.8,3,10,58.9,74.8,4,23.8,0,0
Urban Infrastructure,166.6,43,100.0,81.2,1,10,82.8,93.1,5,18.2,0,0
Irrigation,369.0,73,49.8,26.7,0,12,72.0,40.5,6,20.5,1,83
Railway,220.1,118,59.7,48.6,2,37,56.6,65.5,7,17.2,1,28
Railway,439.8,910,43.0,49.8,2,3,29.3,19.6,2,50.0,1,89
Railway,504.4,1182,74.3,56.4,5,41,73.4,66.7,3,37.2,1,26
Irrigation,78.0,72,100.0,81.9,1,3,37.8,31.1,5,16.9,0,0
Urban Infrastructure,151.9,198,71.3,88.7,3,14,70.6,66.4,2,22.6,0,0
Railway,465.1,334,73.6,45.7,0,14,64.6,43.8,5,32.6,0,0
Highway,571.1,446,80.8,100.0,3,50,35.8,26.3,8,15.3,0,0
Highway,325.0,209,70.1,47.6,1,30,68.2,68.6,3,19.9,1,31
Industrial Corridor,387.7,540,77.9,78.8,5,62,66.8,57.0,5,22.7,0,0
Industrial Corridor,706.2,1228,78.3,60.4,5,68,66.9,77.1,8,16.3,1,65
Highway,222.1,171,58.5,43.4,1,37,65.9,49.8,3,38.1,0,0
Highway,322.5,251,70.5,63.0,1,9,50.0,51.2,8,18.1,0,0
Irrigation,617.7,411,83.9,69.6,0,25,74.8,75.2,7,24.7,0,0
Highway,642.7,1134,86.9,80.1,5,20,49.2,32.5,4,27.3,1,36
Industrial Corridor,268.8,325,92.8,74.8,1,11,41.5,38.6,14,43.4,0,0
Highway,155.9,58,77.4,38.8,1,36,76.5,72.8,3,25.1,0,0
Highway,266.7,542,77.7,88.5,6,5,81.7,55.2,9,49.5,1,30
Urban Infrastructure,285.4,30,84.0,100.0,0,8,75.1,80.7,9,22.0,0,0
Highway,151.4,252,62.5,60.3,4,3,58.9,42.4,3,23.6,1,113
Highway,169.9,226,61.8,60.6,3,7,24.2,1.0,4,36.3,1,107
Highway,643.2,496,70.0,67.3,0,9,92.6,66.1,10,47.1,1,77
Highway,399.9,304,51.6,56.6,1,16,23.9,0.0,12,23.1,1,78
Highway,233.7,160,78.5,58.3,1,38,74.7,75.3,8,39.6,1,92
Highway,121.6,47,88.8,100.0,2,12,100.0,100.0,10,35.3,0,0
Highway,171.5,333,60.6,46.3,2,38,66.0,44.7,5,17.6,0,0
Highway,66.2,49,79.0,62.1,0,67,68.8,45.7,13,25.8,1,31
Irrigation,330.9,126,61.9,49.5,1,42,70.6,73.5,2,25.6,1,39
Irrigation,164.2,308,55.7,40.9,3,8,67.0,50.7,8,14.7,1,22
Railway,349.1,342,100.0,78.7,2,10,100.0,50.1,13,27.8,0,0
Highway,461.9,469,56.0,47.3,1,39,46.1,35.5,12,26.9,1,27
Railway,352.6,747,51.5,48.4,2,10,43.6,20.7,1,30.1,1,85
Urban Infrastructure,212.9,234,75.4,60.6,0,20,56.4,23.7,11,26.8,1,41
Urban Infrastructure,145.2,72,76.3,59.9,0,26,97.8,51.2,5,18.7,0,0
Highway,107.0,117,82.7,62.2,0,31,51.5,38.8,5,52.9,1,86
Highway,603.8,249,100.0,100.0,1,22,71.6,43.8,8,28.4,0,0
Highway,342.2,191,59.6,54.2,1,6,84.4,87.2,3,40.3,0,0
Highway,222.0,200,62.7,69.6,1,13,78.6,69.2,9,30.8,0,0
Irrigation,422.4,545,97.7,81.8,3,42,83.4,81.1,12,42.6,0,0
Railway,542.7,278,87.0,68.8,3,18,91.4,100.0,15,17.5,0,0
Highway,166.9,112,84.8,80.6,2,58,69.2,84.2,20,25.0,1,15
Railway,335.2,224,62.6,64.8,1,23,53.9,38.4,8,21.1,0,0
Irrigation,339.8,483,90.0,73.6,5,9,65.9,50.2,4,19.7,0,0
Highway,687.1,521,84.9,78.8,2,28,56.2,62.8,4,28.9,0,0
Industrial Corridor,219.8,444,75.0,47.0,0,44,100.0,67.6,22,23.3,1,82
Highway,141.0,78,62.6,29.8,1,20,52.3,59.9,6,10.3,0,0
Urban Infrastructure,360.8,190,73.7,51.7,2,21,72.7,59.8,1,22.7,1,84
Highway,445.7,734,98.4,87.1,4,25,33.0,30.2,4,21.8,1,15
Industrial Corridor,316.5,331,54.5,20.9,4,27,65.7,55.1,5,35.7,1,115
Urban Infrastructure,717.0,1932,59.2,47.8,4,11,57.3,34.8,11,10.1,1,76
Urban Infrastructure,219.2,353,62.0,60.7,4,3,76.5,56.1,16,20.4,1,24
Industrial Corridor,322.0,100,65.4,66.9,0,29,77.0,57.4,12,17.7,0,0
Industrial Corridor,83.8,63,71.7,73.5,0,18,91.3,73.6,10,34.2,0,0
Irrigation,134.7,121,87.3,79.4,4,25,89.8,99.9,16,20.0,0,0
Industrial Corridor,167.7,144,79.4,64.9,1,16,61.7,35.7,12,37.5,1,24
Highway,246.8,168,73.0,84.8,1,25,44.1,51.0,14,25.5,0,0
Irrigation,96.6,82,76.4,74.7,0,8,46.5,39.1,5,31.4,1,87
Railway,418.4,367,82.0,71.0,2,14,69.1,65.4,3,38.2,0,0
Urban Infrastructure,156.2,81,45.1,28.1,1,8,66.2,51.9,4,12.8,0,0
Railway,1015.6,1409,89.1,81.5,4,14,68.2,66.5,6,23.3,0,0
Railway,160.6,303,58.8,47.4,1,5,52.3,45.7,20,30.6,1,81
Irrigation,299.3,345,64.9,74.2,1,32,91.7,58.4,5,28.2,0,0
Highway,273.6,263,77.4,82.2,1,49,33.5,43.9,4,11.7,0,0
Highway,125.4,90,70.8,63.7,1,6,51.2,42.2,26,33.7,1,38
Railway,247.5,221,79.8,64.7,0,19,41.5,49.2,9,26.5,0,0
Railway,245.3,233,74.3,63.1,1,16,58.8,39.7,5,27.4,1,15
Highway,504.7,196,67.4,71.3,1,50,87.9,89.8,3,23.6,0,0
Railway,370.0,499,96.5,91.8,7,20,57.2,47.6,2,2.0,0,0
Railway,414.4,241,83.3,54.1,0,41,65.0,75.9,13,32.0,1,23
Railway,497.6,845,76.8,61.2,8,30,76.3,47.9,1,32.5,1,166
Railway,418.8,16,83.1,77.4,0,23,56.3,46.2,7,21.4,0,0
Irrigation,333.3,278,60.7,67.1,1,12,70.7,59.6,16,9.7,0,0
Highway,166.5,227,100.0,100.0,2,23,68.0,46.6,5,20.1,0,0
Urban Infrastructure,318.9,364,54.6,46.5,3,8,40.4,50.2,9,36.9,1,21
Urban Infrastructure,142.8,45,73.8,61.9,1,13,53.7,53.9,4,21.5,0,0
Railway,261.2,421,67.4,51.5,3,3,70.1,58.5,20,26.2,0,0
Railway,237.4,109,66.8,53.4,1,45,88.6,100.0,9,22.3,0,0
Irrigation,248.4,138,64.7,61.9,0,21,88.6,100.0,16,29.5,0,0
Industrial Corridor,97.4,57,59.7,58.9,4,45,100.0,100.0,7,11.5,0,0
Irrigation,13.4,5,91.0,54.3,1,20,72.7,80.8,8,23.8,0,0
Industrial Corridor,206.5,177,52.7,52.5,2,21,54.7,50.9,10,38.1,1,39
Irrigation,573.9,810,87.7,97.8,4,29,61.7,44.9,6,15.9,0,0
Irrigation,296.3,496,82.4,97.3,0,18,60.7,40.5,12,23.0,0,0
Highway,547.4,373,65.9,62.8,2,16,54.8,18.7,7,37.6,1,63
Industrial Corridor,143.6,108,80.5,59.3,0,14,70.7,62.0,11,34.2,1,15
Highway,198.9,237,69.5,69.6,2,8,71.6,60.3,16,31.0,0,0
Irrigation,1053.7,730,54.4,25.7,3,14,39.5,30.9,8,30.3,1,59
Urban Infrastructure,150.6,224,54.6,46.7,1,38,84.8,71.0,5,30.1,0,0
Highway,409.0,299,82.5,59.0,2,13,26.3,11.3,15,23.5,0,0
Irrigation,408.6,171,81.7,84.3,0,66,58.6,35.8,10,38.1,1,40
Highway,379.3,330,75.9,78.3,0,3,86.0,63.2,5,20.8,0,0
Industrial Corridor,412.5,111,65.7,56.4,0,39,75.1,58.3,4,15.1,0,0
Highway,148.9,129,69.0,54.2,0,15,55.9,24.2,1,10.8,1,295
Urban Infrastructure,213.9,206,66.8,61.3,2,26,100.0,90.6,7,19.2,1,24
Highway,19.3,9,44.0,31.9,0,9,54.2,54.4,7,19.1,0,0
Urban Infrastructure,701.8,660,73.0,56.8,4,4,23.0,20.7,4,18.2,1,240
Industrial Corridor,410.8,263,80.4,92.3,0,34,72.1,64.7,4,13.1,0,0
Irrigation,167.8,75,73.1,69.9,2,45,27.4,34.7,4,30.1,1,68
Industrial Corridor,144.8,35,100.0,99.3,1,19,46.4,46.6,7,15.6,0,0
Industrial Corridor,580.3,169,55.9,54.5,0,13,75.5,83.6,13,32.0,1,83
Urban Infrastructure,158.8,285,61.4,47.7,0,18,53.8,39.6,6,33.9,0,0
Highway,167.4,105,74.1,73.2,1,18,74.6,60.3,5,54.3,0,0
Irrigation,121.0,115,75.9,96.0,1,15,39.8,57.3,3,21.0,0,0
Highway,462.6,313,41.6,36.9,2,21,80.2,81.0,1,24.2,0,0
Irrigation,542.2,988,81.6,88.5,2,27,29.2,0.0,3,17.8,1,159
Highway,238.4,108,76.0,61.1,2,26,89.4,71.0,5,13.1,0,0
Irrigation,544.5,433,38.1,18.8,1,11,53.5,37.7,4,21.4,1,118
Irrigation,358.0,198,70.1,92.5,0,15,93.6,94.6,8,17.5,0,0
Railway,114.9,155,59.1,61.9,3,7,46.2,32.9,8,13.0,0,0
Irrigation,669.8,632,64.7,51.8,2,25,100.0,91.2,3,28.6,1,61
Industrial Corridor,119.9,93,50.6,62.3,1,9,43.8,46.8,8,14.2,0,0
Industrial Corridor,251.1,80,78.7,59.7,1,1,27.1,25.5,4,32.2,0,0
Railway,238.9,545,100.0,77.3,4,12,63.9,62.0,6,35.4,0,0
Irrigation,209.0,144,76.2,70.5,2,26,87.7,100.0,3,16.5,0,0
Urban Infrastructure,46.8,19,37.4,40.2,0,27,78.8,89.7,8,41.4,1,106
Highway,919.9,223,76.6,100.0,2,39,86.3,80.3,4,30.4,0,0
Highway,53.8,15,68.9,49.5,0,73,79.2,82.9,15,25.2,0,0
Highway,696.4,538,54.4,18.4,2,18,46.6,42.1,4,6.4,0,0
Irrigation,140.9,192,77.7,44.6,0,16,78.3,93.4,3,7.2,1,35
Railway,180.2,163,86.1,80.8,1,20,64.9,43.9,4,43.3,0,0
Industrial Corridor,653.5,165,61.3,68.6,1,14,48.8,8.6,4,40.5,1,49
Irrigation,384.2,296,45.7,26.0,2,6,66.6,42.2,1,43.6,0,0
Railway,86.5,139,39.8,33.6,0,6,61.9,35.9,16,46.4,1,94
Urban Infrastructure,84.9,52,61.3,46.6,1,17,91.3,72.9,9,41.1,0,0
Industrial Corridor,347.1,315,69.5,57.3,0,47,52.7,39.7,8,28.6,0,0
Highway,118.2,74,63.7,54.4,1,13,51.8,41.5,6,32.2,0,0
Railway,396.4,408,61.1,38.7,2,31,49.0,53.7,3,18.5,1,27
Highway,423.7,189,81.1,58.2,1,42,100.0,80.6,2,28.6,0,0
Highway,153.2,6,79.4,78.7,1,30,50.1,31.6,6,34.2,0,0
Highway,187.8,63,75.2,80.1,2,33,88.9,86.8,7,34.4,0,0
Urban Infrastructure,354.8,200,85.1,100.0,1,6,42.4,25.5,5,24.6,0,0
Railway,147.9,107,61.5,58.3,1,15,73.1,74.5,21,3.7,1,15
Railway,296.6,171,54.5,61.8,0,4,68.3,68.8,1,9.4,0,0
Industrial Corridor,1093.5,623,63.6,49.7,4,11,87.7,67.1,6,31.2,1,58
Irrigation,366.4,503,62.5,59.2,3,6,84.8,69.3,1,20.4,1,44
Urban Infrastructure,211.2,79,39.2,34.4,1,26,64.6,59.1,5,33.3,1,201
Industrial Corridor,978.7,758,63.3,43.9,4,6,52.3,48.5,5,12.6,1,15
Railway,484.5,129,89.7,76.1,4,6,95.5,83.9,2,41.0,1,28
Railway,120.6,139,84.8,78.4,2,17,50.3,68.8,3,15.7,0,0
Urban Infrastructure,140.3,125,80.4,48.8,0,3,17.6,20.0,5,42.2,0,0
Industrial Corridor,60.5,137,74.1,55.8,1,69,25.8,35.8,6,8.9,1,28
Urban Infrastructure,350.4,127,95.2,93.0,1,15,30.7,21.5,4,32.6,0,0
Highway,38.2,71,55.0,52.2,0,41,74.9,49.6,14,15.8,1,15
Urban Infrastructure,978.0,390,56.6,37.6,1,6,100.0,83.8,12,25.9,1,77
Irrigation,230.5,140,90.0,79.2,0,23,22.2,20.9,3,37.8,0,0
Highway,504.2,151,72.4,80.1,0,27,47.3,48.9,3,35.9,1,42
Irrigation,215.3,482,61.3,40.8,1,8,64.8,67.1,4,16.9,0,0
Irrigation,346.2,337,80.8,55.2,1,32,93.9,54.9,8,19.3,0,0
Highway,253.6,249,65.0,40.5,0,11,47.2,37.2,5,8.7,1,35
Railway,290.6,123,58.6,29.0,3,13,74.8,62.8,7,6.3,0,0
Industrial Corridor,608.2,70,58.2,21.2,0,8,58.0,80.7,12,16.8,0,0
Highway,800.7,474,77.1,44.9,2,33,100.0,100.0,3,16.6,1,15
Railway,761.7,398,75.3,62.5,0,23,65.9,57.6,2,9.4,0,0
Railway,1600.0,296,96.3,91.2,2,22,70.1,68.6,9,23.7,0,0
Highway,161.2,100,67.4,85.0,0,21,64.7,53.7,3,25.6,0,0
Urban Infrastructure,369.6,287,67.1,58.9,1,22,54.7,43.9,8,25.9,0,0
Industrial Corridor,164.1,166,95.0,79.7,2,10,82.0,64.0,7,17.2,0,0
Highway,592.2,78,87.8,79.2,0,30,39.8,58.8,13,19.6,0,0
Urban Infrastructure,125.6,39,74.3,92.7,1,9,23.0,30.6,8,22.5,1,62
Urban Infrastructure,615.1,267,47.0,43.0,1,22,60.0,52.5,7,35.0,1,123
Highway,324.0,456,59.0,42.0,2,16,79.3,80.0,6,18.6,0,0
Industrial Corridor,264.2,368,55.1,61.5,2,12,51.4,47.1,20,7.5,0,0
Highway,286.4,270,72.6,62.3,2,17,66.7,56.1,18,22.5,1,83
Urban Infrastructure,107.3,66,63.9,49.9,1,22,38.6,40.8,7,21.2,1,47
Irrigation,115.4,168,97.6,73.9,2,30,84.3,72.4,5,8.2,0,0
Irrigation,328.0,287,46.9,14.9,1,19,76.0,58.8,4,21.6,1,74
Highway,326.5,461,53.4,50.7,1,36,63.4,53.4,9,16.3,1,36
Urban Infrastructure,170.1,165,75.9,65.3,1,11,66.4,46.6,16,25.1,0,0
Highway,228.6,47,80.3,69.3,1,15,35.1,58.7,10,30.6,1,32
Highway,391.0,44,30.6,13.5,0,27,36.0,35.8,15,20.1,1,104
Highway,147.2,84,44.2,28.7,0,6,60.6,38.2,10,31.6,1,103
Industrial Corridor,53.5,66,67.8,39.8,1,33,73.3,77.3,2,22.6,0,0
Highway,717.9,372,93.7,100.0,0,7,74.3,80.3,22,23.1,0,0
Urban Infrastructure,344.2,558,100.0,86.1,2,58,55.7,48.6,8,22.6,1,31
Irrigation,194.8,228,65.4,50.6,1,11,77.9,69.2,18,23.9,0,0
Highway,163.7,252,69.3,64.6,0,54,91.4,90.4,15,10.9,0,0
Highway,146.1,85,58.6,82.3,0,31,61.2,24.5,2,5.9,0,0
Highway,590.7,226,82.1,75.0,3,5,69.2,55.9,6,38.3,0,0
Irrigation,91.9,32,96.5,98.4,0,8,58.8,63.3,4,28.3,0,0
Industrial Corridor,368.9,378,92.1,60.6,2,6,60.5,73.1,4,20.0,0,0
Highway,368.7,82,71.5,58.2,1,14,66.4,51.3,8,37.7,0,0
Industrial Corridor,468.2,109,58.6,61.7,1,35,97.1,100.0,11,57.5,0,0
Highway,209.4,104,72.1,92.8,0,50,81.3,40.0,3,9.5,0,0
Industrial Corridor,679.2,580,94.1,77.8,0,8,79.5,64.1,2,25.6,1,44
Urban Infrastructure,477.4,210,65.6,47.9,0,7,53.9,36.5,7,33.3,1,338
Industrial Corridor,204.0,284,43.0,38.0,0,24,45.0,32.3,10,8.1,1,43
Irrigation,157.7,245,66.2,49.7,2,5,70.8,45.0,12,9.2,0,0
Industrial Corridor,254.1,19,67.5,64.4,0,35,87.9,100.0,17,36.5,0,0
Highway,198.9,195,42.9,20.0,1,29,97.5,100.0,16,25.4,1,53
Highway,137.4,71,75.7,53.8,0,19,13.9,0.0,9,18.4,1,116
Highway,295.6,375,80.1,95.0,1,34,100.0,68.5,10,8.0,0,0
Railway,229.8,230,100.0,100.0,0,33,71.3,80.8,12,29.6,0,0
Industrial Corridor,783.7,651,50.7,14.3,0,8,81.2,99.5,2,10.6,0,0
Irrigation,198.6,137,83.7,62.6,3,6,28.2,16.7,6,14.8,1,15
Urban Infrastructure,156.5,37,87.5,97.2,1,18,58.3,42.0,15,15.5,0,0
Highway,282.1,690,80.3,94.3,3,35,79.5,68.3,4,22.3,0,0
Industrial Corridor,336.6,104,55.9,45.0,0,8,39.5,31.4,2,13.9,1,150
Highway,354.7,668,55.0,63.0,1,7,5.2,24.0,4,15.6,1,81
Highway,352.3,393,73.6,70.0,0,7,69.7,66.3,4,36.4,1,27
Industrial Corridor,289.0,155,73.4,66.1,2,13,62.0,56.4,7,27.8,1,33
Urban Infrastructure,274.2,133,63.0,56.3,2,1,91.8,91.0,10,26.2,0,0
Irrigation,425.4,96,92.7,68.9,2,9,59.8,79.6,12,30.8,0,0
Highway,127.2,97,65.6,31.9,2,26,61.3,43.5,9,14.4,1,89
Irrigation,157.4,35,41.7,40.4,2,35,77.0,55.0,15,30.0,1,23
Highway,71.7,103,68.4,76.2,2,69,83.7,86.6,4,30.7,0,0
Urban Infrastructure,129.0,114,79.7,66.3,3,17,48.8,42.6,4,14.7,1,15
Industrial Corridor,553.4,406,77.5,46.7,3,11,81.9,80.4,3,32.6,0,0
Highway,413.4,328,77.3,74.9,1,59,52.6,50.9,7,28.6,1,19
Highway,850.4,768,95.9,76.0,1,19,63.3,46.9,4,28.9,0,0
Highway,724.6,435,54.2,57.9,3,19,76.4,59.6,13,44.3,1,89
Urban Infrastructure,415.8,272,65.2,56.9,1,43,79.9,54.8,2,27.3,0,0
Railway,312.2,624,96.7,100.0,4,4,69.4,44.6,15,15.8,0,0
Industrial Corridor,286.0,388,40.5,32.3,3,20,41.4,35.0,3,27.4,1,98
Irrigation,35.6,39,71.1,64.7,0,6,25.6,0.0,13,26.1,1,42
Irrigation,263.7,142,91.7,75.2,3,3,59.2,27.0,4,13.8,0,0
Highway,180.2,29,91.4,58.5,0,8,82.4,83.3,11,3.7,0,0
Urban Infrastructure,133.9,136,82.6,80.0,3,52,72.0,61.1,7,25.3,0,0
Highway,372.0,295,83.0,100.0,0,4,67.8,88.6,11,36.4,0,0
Irrigation,241.0,155,55.3,50.1,0,13,62.9,53.5,1,36.5,1,43
Irrigation,298.6,212,94.0,81.8,1,32,69.2,35.1,6,29.1,0,0
Irrigation,117.8,38,52.8,42.0,0,9,43.1,0.0,14,43.3,1,104
Urban Infrastructure,491.0,194,53.8,48.0,3,68,78.6,71.4,6,27.9,1,180
Highway,197.9,269,78.2,49.4,1,18,79.9,65.9,4,23.8,0,0
Railway,358.6,45,64.1,54.2,2,4,55.9,37.8,2,28.2,0,0
Railway,210.9,263,75.3,68.8,3,8,71.7,33.0,4,17.9,0,0
Railway,28.4,47,78.9,81.8,0,4,28.7,34.4,15,12.1,1,34
Highway,382.3,383,100.0,100.0,1,9,66.6,17.8,9,15.2,0,0
Highway,252.8,246,78.9,66.3,2,14,60.3,56.1,11,20.7,0,0
Highway,67.0,26,62.1,50.7,2,33,88.2,96.8,5,35.5,0,0
Highway,105.7,46,82.8,89.6,2,78,59.0,54.7,5,10.1,0,0
Railway,500.5,284,58.7,51.3,2,15,80.4,83.5,11,15.3,0,0
Irrigation,70.2,19,86.6,80.6,0,29,55.2,39.9,13,34.9,1,46
Irrigation,193.9,80,73.0,73.7,0,17,17.3,33.1,5,22.1,1,15
Railway,897.6,709,78.4,81.5,3,8,58.5,47.4,10,23.8,0,0
Railway,389.0,212,43.5,29.8,3,10,66.9,47.9,8,21.9,1,210
Highway,455.6,380,36.0,31.2,0,49,66.0,34.8,2,47.3,1,44
Irrigation,225.9,306,48.0,48.3,5,12,66.3,47.1,8,32.2,0,0
Highway,61.3,51,99.9,100.0,0,55,52.9,22.6,7,28.8,0,0
Highway,319.1,312,53.6,47.4,1,19,56.5,56.6,2,28.2,1,25
Railway,112.4,24,83.7,62.8,3,21,40.5,25.6,10,30.5,1,62
Railway,103.0,138,61.7,50.8,1,42,23.1,47.5,3,46.3,1,102
Highway,293.7,62,68.2,63.5,1,22,60.9,53.6,4,21.9,0,0
Irrigation,119.4,62,71.3,59.0,1,1,48.1,33.3,31,27.9,1,34
Irrigation,270.2,91,98.3,71.2,0,9,84.6,68.4,4,26.3,0,0
Industrial Corridor,161.7,26,81.4,66.5,3,21,19.4,34.0,5,35.9,0,0
Irrigation,263.5,212,78.2,66.6,2,22,68.8,65.7,2,44.8,0,0
Irrigation,184.3,190,92.7,75.8,1,22,100.0,94.8,1,19.5,0,0
Highway,268.8,453,61.9,56.1,5,17,59.3,56.7,21,31.0,0,0
Industrial Corridor,686.6,601,89.1,78.5,0,20,62.9,43.0,16,27.9,1,120
Irrigation,462.5,191,86.4,85.2,2,45,71.5,65.8,1,10.7,0,0
Railway,247.6,133,86.2,99.9,1,13,73.1,62.6,29,36.7,0,0
Irrigation,617.4,112,69.5,56.7,1,17,54.8,53.1,19,43.2,1,145
Railway,362.2,208,65.0,52.1,0,36,42.8,17.8,8,35.0,1,212
Railway,590.1,429,58.1,54.1,1,37,76.1,50.0,4,19.0,1,149
Industrial Corridor,78.0,78,59.1,36.6,5,6,24.8,20.4,15,11.1,1,56
Urban Infrastructure,120.5,141,57.3,59.4,0,2,79.6,27.8,11,33.1,0,0
Urban Infrastructure,316.4,311,77.9,94.7,1,31,55.2,57.7,23,14.1,1,56
Railway,243.1,93,68.3,70.1,0,25,63.1,39.0,21,15.2,0,0
Irrigation,269.2,83,78.9,92.5,0,18,52.5,57.8,7,28.3,0,0
Industrial Corridor,403.0,451,79.8,67.1,1,33,91.6,71.0,8,34.1,1,38
Highway,318.7,50,55.0,57.5,2,15,68.0,48.6,3,22.3,0,0
Industrial Corridor,492.2,1062,54.6,32.8,1,24,56.6,62.8,4,23.7,1,52
Railway,483.3,212,68.3,46.8,2,12,56.0,49.0,6,24.8,0,0
Highway,125.4,182,59.6,64.5,1,9,60.0,23.0,10,15.9,0,0
Highway,29.7,15,57.9,61.2,1,15,100.0,100.0,23,21.8,0,0
Industrial Corridor,118.6,124,99.1,83.6,0,4,36.7,21.7,4,8.2,0,0
Highway,112.1,35,47.5,25.8,1,9,84.7,70.7,6,34.1,0,0
Highway,284.0,214,100.0,100.0,1,18,74.4,66.0,12,56.7,0,0
Railway,281.4,54,76.6,64.7,0,25,93.8,100.0,8,26.7,0,0
Highway,232.4,210,87.8,100.0,2,42,75.6,54.2,10,39.1,0,0
Highway,371.8,116,85.9,85.6,3,17,63.1,53.9,7,23.1,0,0
Industrial Corridor,1152.1,401,81.9,58.6,2,9,83.4,57.8,3,11.2,0,0
Highway,228.6,127,98.6,48.5,0,6,67.6,55.1,15,50.8,1,15
Industrial Corridor,325.8,206,54.7,50.0,0,39,78.1,68.1,10,16.7,0,0
Urban Infrastructure,269.2,270,69.5,79.0,2,21,91.6,77.0,5,36.4,0,0
Railway,171.6,162,58.4,57.6,0,16,64.9,70.7,6,28.4,0,0
Highway,405.5,326,44.9,36.0,0,21,54.5,22.1,4,39.1,1,122
Irrigation,220.3,274,61.4,62.8,1,34,50.1,46.7,11,25.3,0,0
Highway,143.7,134,100.0,100.0,1,50,72.0,68.4,2,13.2,0,0
Railway,152.7,148,69.2,67.2,2,5,45.4,17.0,4,18.7,1,58
Urban Infrastructure,503.9,174,100.0,86.5,3,15,56.0,43.3,5,51.9,1,250
Urban Infrastructure,398.7,519,100.0,94.4,3,32,43.6,38.1,5,29.5,0,0
Industrial Corridor,186.9,226,100.0,100.0,2,5,73.2,58.0,3,50.0,0,0
Highway,367.6,305,100.0,100.0,2,63,48.0,29.6,7,22.0,0,0
Irrigation,271.5,321,100.0,97.8,2,15,37.3,30.1,2,33.9,0,0
Industrial Corridor,329.7,237,77.2,83.2,1,70,40.8,18.0,11,11.9,0,0
Railway,168.1,292,75.7,77.6,2,5,51.6,61.7,18,26.3,1,58
Irrigation,115.2,90,76.7,59.7,0,38,53.4,40.5,9,50.5,1,34
Highway,219.4,154,72.0,67.2,1,10,68.0,47.0,3,17.4,0,0
Highway,132.7,124,74.4,90.9,1,19,59.8,41.5,10,18.4,0,0
Irrigation,124.6,242,84.0,61.7,2,29,70.4,95.0,6,35.1,0,0
Highway,82.3,42,64.5,50.7,2,36,72.0,64.9,9,27.3,1,62
Highway,30.0,27,50.0,61.4,3,26,77.8,87.0,7,46.9,0,0
Industrial Corridor,189.5,101,77.8,74.9,0,18,24.8,0.0,12,23.3,1,94
Urban Infrastructure,566.6,398,60.9,64.0,2,21,40.5,37.4,8,26.8,1,30
Irrigation,477.1,196,62.6,45.1,2,97,74.1,47.5,5,29.5,1,47
Industrial Corridor,753.2,719,69.7,66.9,1,40,67.2,76.5,4,14.2,0,0
Urban Infrastructure,120.1,89,66.0,59.0,0,8,82.5,67.6,6,11.7,0,0
Highway,423.3,495,89.8,84.4,1,21,32.1,23.0,13,10.7,1,63
Railway,246.7,336,69.3,82.0,1,27,53.5,3.0,6,2.0,0,0
Railway,152.9,227,90.6,62.9,2,1,57.1,30.4,10,25.1,0,0
Highway,524.7,286,75.3,58.0,0,44,66.3,40.6,10,11.7,0,0
Industrial Corridor,248.5,232,70.6,73.1,1,9,63.7,24.3,6,20.1,0,0
Railway,53.4,82,74.5,63.8,2,11,72.4,59.1,6,37.2,0,0
Railway,473.8,194,51.3,29.7,3,6,60.7,53.2,7,15.6,1,190
Highway,350.4,278,77.4,68.6,2,39,90.4,84.6,2,33.6,1,20
Highway,295.6,126,85.6,55.8,0,30,96.8,82.9,9,8.6,0,0
Urban Infrastructure,100.4,194,87.9,39.1,0,40,40.6,73.2,5,18.5,0,0
Highway,320.5,489,50.4,44.2,1,53,63.9,54.9,8,45.2,1,275
Highway,687.7,709,47.7,47.9,5,23,79.0,66.6,5,21.3,1,36
Highway,343.8,351,63.4,69.3,1,13,74.7,68.0,16,40.2,1,65
Railway,71.5,33,94.2,100.0,0,23,54.8,68.8,16,51.9,0,0
Irrigation,362.0,591,75.5,50.0,1,11,68.1,61.3,10,21.4,0,0
Railway,346.3,212,59.6,56.5,0,29,31.3,45.3,1,18.7,1,15
Highway,446.7,218,48.8,28.5,0,45,62.6,27.0,6,2.2,1,58
Highway,339.6,477,61.1,38.0,2,9,33.8,28.7,12,29.2,1,29
Industrial Corridor,124.9,72,60.0,67.1,0,23,73.2,95.1,25,30.2,1,165
Irrigation,284.4,142,87.0,92.0,0,18,40.7,34.8,3,34.5,0,0
Irrigation,222.2,269,88.2,55.8,3,19,66.3,43.9,1,41.3,0,0
Irrigation,309.0,101,55.2,48.2,0,38,69.4,57.8,5,14.7,1,41
Industrial Corridor,537.4,558,84.1,85.3,3,27,64.5,69.2,4,46.6,1,55
Highway,161.3,129,82.4,89.0,2,15,50.4,51.6,10,22.9,0,0
Railway,826.6,951,53.1,47.1,3,17,58.8,54.1,3,30.0,1,92
Irrigation,360.4,350,70.7,41.6,1,21,86.6,84.2,5,25.3,0,0
Railway,475.5,1250,77.5,59.9,5,20,54.5,64.4,5,17.5,0,0
Industrial Corridor,433.8,366,74.6,64.1,1,21,63.4,55.4,8,12.8,0,0
Railway,350.5,201,44.6,14.4,1,34,51.9,62.9,10,28.3,1,90
Industrial Corridor,395.8,295,74.1,46.6,1,6,83.4,60.2,4,15.4,0,0
Urban Infrastructure,8.0,8,82.2,69.5,3,28,64.6,39.5,8,23.6,0,0
Railway,433.3,810,97.3,50.4,1,30,47.7,53.7,1,21.5,0,0
Urban Infrastructure,133.3,144,61.3,56.8,2,67,63.1,64.8,17,22.0,1,148
Irrigation,259.5,114,63.3,39.9,1,18,58.2,55.5,3,6.2,0,0
Urban Infrastructure,348.8,1642,68.7,66.2,3,27,90.9,82.4,14,2.0,1,53
Railway,553.2,735,76.7,56.1,2,38,62.1,49.2,4,35.2,1,127
Railway,133.3,56,73.6,69.1,2,27,35.3,19.4,10,38.4,0,0
Irrigation,193.2,67,81.7,67.2,0,2,73.0,57.4,6,2.0,0,0
Highway,213.7,65,54.0,12.5,3,3,98.7,66.4,11,30.6,0,0
Railway,311.6,225,78.3,57.0,0,17,86.9,77.0,13,28.4,0,0
Urban Infrastructure,223.8,166,60.1,45.4,3,20,40.9,51.4,16,11.4,1,41
Irrigation,397.0,191,69.7,72.5,2,25,57.6,72.7,9,35.9,1,19
Highway,55.7,15,99.3,88.7,0,6,62.4,28.9,1,38.5,0,0
Railway,244.7,86,49.6,55.7,2,31,62.6,46.0,3,37.7,1,34
Highway,731.3,798,67.5,47.1,2,6,70.6,58.5,16,45.2,1,15
Highway,224.2,139,51.6,31.5,0,27,56.1,40.4,6,37.0,1,70
Urban Infrastructure,361.3,138,74.4,68.9,4,8,44.7,33.3,6,16.9,1,18
Railway,498.4,397,88.8,57.5,2,29,82.0,66.5,10,26.2,0,0
Highway,353.3,314,74.7,45.4,1,38,40.5,37.1,9,30.2,0,0
Irrigation,873.6,829,70.1,60.0,2,10,47.0,22.2,21,42.7,1,252
Highway,289.1,225,93.3,77.4,1,26,40.4,39.3,7,23.2,0,0
Highway,410.5,290,77.3,77.5,1,22,75.2,79.7,6,19.0,0,0
Industrial Corridor,320.7,472,85.1,80.9,4,9,65.1,81.5,13,7.8,0,0
Irrigation,638.8,232,83.4,90.5,1,6,80.7,75.3,11,35.6,0,0
Urban Infrastructure,200.5,130,26.0,24.7,1,31,47.3,19.3,3,28.3,1,352
Irrigation,918.3,163,70.8,64.3,2,61,37.9,35.8,6,16.5,1,167
Railway,164.5,98,54.8,70.0,1,15,54.1,65.8,22,34.5,0,0
Industrial Corridor,776.1,645,58.7,42.6,5,3,59.4,46.1,4,22.3,1,143
Urban Infrastructure,120.7,145,95.6,73.3,3,1,67.2,68.0,6,11.4,0,0
Industrial Corridor,419.4,76,66.0,58.1,1,21,29.4,0.0,19,40.6,1,64
Urban Infrastructure,271.5,221,100.0,100.0,4,4,72.6,47.5,19,3.3,0,0
Industrial Corridor,491.7,997,49.5,45.0,3,3,45.1,55.2,15,27.6,1,54
Urban Infrastructure,367.4,364,54.7,66.2,2,9,50.1,43.7,5,24.8,0,0
Highway,474.3,151,84.2,84.7,0,30,86.5,88.8,4,8.0,0,0
Industrial Corridor,117.1,70,66.5,38.2,1,29,19.3,27.7,12,29.6,1,79
Railway,66.1,67,76.9,100.0,2,32,69.5,61.3,17,18.4,1,19
Irrigation,101.3,50,70.2,73.6,1,12,69.4,48.1,7,44.5,0,0
Irrigation,99.1,87,69.7,50.1,1,13,46.6,38.8,9,37.0,1,61
Urban Infrastructure,115.9,98,67.1,68.9,2,40,54.1,52.8,4,28.4,1,45
Urban Infrastructure,173.3,124,74.9,77.8,1,15,87.4,100.0,2,2.0,0,0
Highway,172.1,50,82.3,45.8,0,5,100.0,100.0,2,19.9,0,0
Industrial Corridor,276.1,127,97.8,84.5,1,10,84.3,67.0,7,19.0,0,0
Industrial Corridor,141.3,303,68.8,47.7,1,32,100.0,100.0,4,39.3,1,22
Railway,150.6,86,65.7,50.8,2,26,49.2,21.0,8,28.0,1,105
Highway,234.3,144,63.6,53.3,2,17,31.4,31.2,4,29.5,0,0
Highway,536.4,330,95.5,69.8,2,4,61.9,50.0,14,37.2,0,0
Industrial Corridor,197.8,234,83.0,48.3,0,26,79.1,76.1,5,43.9,0,0
Railway,263.2,167,41.6,57.2,1,14,25.9,34.5,6,42.0,0,0
Urban Infrastructure,294.7,213,40.9,33.4,0,5,44.5,28.9,16,32.0,1,43
Railway,127.6,104,58.7,51.3,0,32,46.7,46.7,8,23.0,0,0
Urban Infrastructure,212.7,268,75.7,73.7,3,15,70.1,73.6,9,30.8,0,0
Railway,160.4,117,71.5,49.8,1,20,67.6,94.2,6,25.6,0,0
Industrial Corridor,503.6,391,80.2,68.6,0,44,47.5,19.0,7,34.6,1,286
Highway,476.6,244,69.2,34.2,1,24,66.6,57.5,3,19.8,0,0
Irrigation,147.7,131,94.4,71.0,3,30,40.1,14.5,13,35.9,0,0
Industrial Corridor,259.5,270,84.4,57.3,1,19,54.5,36.2,5,26.5,0,0
Urban Infrastructure,410.7,444,73.2,82.0,1,34,37.7,12.1,3,30.2,1,160
Industrial Corridor,340.3,666,90.3,93.6,4,7,60.0,59.5,13,12.8,0,0
Highway,365.8,160,45.6,47.7,1,4,47.0,58.6,9,23.0,1,27
Railway,128.2,96,70.6,44.1,1,6,76.8,56.4,10,30.9,0,0
Highway,758.2,484,74.2,79.7,0,13,62.5,51.5,7,24.0,1,20
Highway,170.7,300,81.6,86.7,5,30,58.5,56.5,17,2.0,0,0
Irrigation,166.9,185,44.6,52.3,2,12,98.4,78.3,4,12.4,0,0
Industrial Corridor,90.8,21,67.8,21.3,0,29,70.7,57.1,6,29.8,1,100
Industrial Corridor,241.9,117,78.4,72.4,1,21,55.6,37.0,1,42.5,1,28
Urban Infrastructure,573.7,339,79.6,64.2,2,68,51.3,57.6,1,23.4,1,43
Industrial Corridor,338.0,87,91.0,99.0,2,21,39.4,15.7,8,20.6,0,0
Industrial Corridor,255.9,200,84.2,62.8,2,11,61.7,52.8,9,37.6,0,0
Highway,453.9,239,71.0,87.8,1,27,69.2,43.9,8,26.1,0,0
Highway,564.5,1133,82.8,88.5,2,20,24.7,1.2,10,34.2,0,0
Irrigation,475.9,419,68.8,71.0,2,7,35.7,16.4,12,22.7,0,0
Urban Infrastructure,48.6,28,74.3,63.2,5,16,52.7,45.4,6,21.5,1,32
Highway,456.5,174,84.7,87.8,1,16,41.0,21.4,6,35.0,1,17
Railway,375.7,265,71.3,42.0,1,17,63.9,38.2,3,33.4,0,0
Irrigation,145.1,243,77.8,62.8,1,7,66.6,48.5,8,22.5,1,32
Highway,376.8,242,87.4,89.1,4,61,60.6,48.6,13,13.6,1,18
Railway,574.5,408,83.4,61.4,2,4,74.0,54.3,11,7.6,0,0
Urban Infrastructure,176.6,241,91.7,89.2,1,45,51.3,50.2,21,9.1,0,0
Irrigation,498.4,432,100.0,100.0,3,18,62.1,30.4,7,19.0,0,0
Highway,343.1,402,83.2,62.7,0,8,42.9,59.1,5,29.5,0,0
Urban Infrastructure,10.1,9,64.6,90.9,0,55,68.7,59.2,6,7.7,1,15
Railway,269.7,240,80.2,61.9,2,1,64.5,61.6,11,8.4,0,0
Urban Infrastructure,333.8,74,79.5,81.5,2,8,39.0,39.6,9,30.2,0,0
Highway,219.1,75,81.8,83.8,2,15,59.9,46.3,5,43.3,0,0
Irrigation,352.0,286,95.9,60.5,0,9,62.2,70.1,8,38.0,0,0
Railway,249.2,101,45.1,44.5,4,17,68.6,27.3,4,5.7,1,92
Highway,1036.5,732,96.2,74.8,3,28,69.4,80.7,10,30.3,0,0
Urban Infrastructure,207.7,67,100.0,88.1,1,5,48.6,53.9,2,36.5,0,0
Highway,148.5,203,81.1,67.7,3,22,78.3,85.0,2,20.6,0,0
Highway,481.9,211,81.5,77.0,1,30,73.5,61.5,3,23.4,0,0
Railway,228.1,87,68.1,64.3,0,6,48.5,24.3,3,29.7,0,0
Industrial Corridor,259.1,71,72.1,42.7,3,21,40.1,23.2,9,31.4,1,135
Industrial Corridor,243.2,261,83.2,62.2,1,16,50.0,18.9,11,30.1,1,233
Urban Infrastructure,464.5,328,82.1,81.1,1,7,33.6,37.0,7,34.0,1,36
Highway,115.2,154,83.5,90.1,2,8,67.2,48.3,3,28.4,0,0
Railway,497.7,255,82.0,82.2,1,8,86.7,82.3,13,19.1,0,0
Highway,396.8,134,86.4,64.7,1,12,91.4,79.0,6,21.1,0,0
Irrigation,828.2,569,84.6,60.1,2,12,41.2,15.6,14,17.4,1,27
Urban Infrastructure,315.9,472,55.6,39.8,2,46,78.7,95.1,7,20.9,1,29
Industrial Corridor,122.5,27,85.3,99.9,2,23,64.7,25.8,2,32.2,1,58
Irrigation,318.3,272,100.0,81.4,1,24,15.1,8.3,4,17.5,0,0
Railway,346.4,314,71.6,45.3,2,20,56.4,71.5,2,37.8,0,0
Urban Infrastructure,606.9,992,96.0,85.6,4,21,54.1,55.5,1,15.1,0,0
Railway,122.3,51,57.3,21.6,0,25,87.2,76.7,5,28.2,1,66
Highway,71.5,15,71.5,82.0,0,6,45.6,47.0,7,35.2,0,0
Railway,323.0,177,61.7,44.1,1,16,74.3,96.0,15,30.9,1,15
Highway,851.1,988,94.1,100.0,1,8,60.9,50.4,9,5.7,0,0
Highway,436.5,320,98.2,75.4,3,36,34.1,35.9,12,27.5,0,0
Highway,453.6,437,70.4,53.8,5,11,52.0,33.2,5,17.9,1,231
Railway,88.6,31,90.7,57.5,3,25,93.6,100.0,3,11.5,0,0
Irrigation,286.5,177,98.4,83.4,1,29,59.5,16.6,7,28.5,1,49
Railway,614.3,461,71.5,69.2,3,22,81.1,64.4,5,12.3,0,0
Railway,349.2,85,74.1,73.0,1,20,80.0,68.0,11,28.7,0,0
Urban Infrastructure,66.8,50,83.7,79.2,0,18,54.0,35.7,5,42.0,0,0
Industrial Corridor,282.4,165,58.5,57.7,0,30,37.3,55.6,9,29.3,0,0
Irrigation,416.3,1220,73.8,46.9,2,9,40.0,38.5,19,23.4,1,60
Highway,260.7,187,100.0,74.1,0,24,92.0,56.3,11,24.2,0,0
Urban Infrastructure,135.5,228,64.0,77.0,0,3,66.0,61.8,15,36.1,0,0
Highway,491.7,472,85.7,77.2,2,11,28.3,20.2,2,22.6,1,61
Railway,201.4,134,80.4,71.5,0,12,79.7,77.7,2,20.9,1,44
Urban Infrastructure,372.4,575,69.4,72.3,3,5,27.3,0.0,8,15.8,1,46
Irrigation,277.1,88,75.5,61.4,1,20,46.5,41.2,11,16.2,0,0
Industrial Corridor,195.6,105,100.0,71.5,0,10,64.6,74.4,9,35.8,0,0
Irrigation,912.0,1096,80.9,60.4,3,41,100.0,52.3,4,20.7,0,0
Irrigation,178.9,22,83.4,56.5,1,15,79.3,90.9,10,32.1,0,0
Highway,294.0,206,97.6,99.7,1,28,53.4,45.9,8,33.0,1,53
Highway,276.4,193,67.4,58.9,0,36,63.6,67.2,5,15.5,1,84
Railway,317.4,266,55.2,57.9,1,26,81.4,82.9,15,17.3,0,0
Highway,869.4,542,100.0,88.6,1,13,91.4,98.3,10,32.3,0,0
Urban Infrastructure,416.6,489,74.2,61.6,2,18,58.0,57.1,14,27.5,1,25
Highway,194.1,84,86.3,64.9,0,5,58.6,34.8,8,24.0,0,0
Irrigation,702.1,891,59.8,33.4,3,28,46.4,65.9,10,31.1,1,23
Industrial Corridor,465.9,161,78.2,60.6,1,34,76.3,48.4,9,37.1,0,0
Industrial Corridor,197.1,173,54.4,58.4,0,13,83.5,58.2,2,25.6,1,16
Railway,634.1,913,73.0,83.9,3,14,24.2,7.6,7,19.7,0,0
Railway,87.7,36,61.6,46.3,0,35,55.1,44.2,8,27.3,1,52
Urban Infrastructure,111.0,53,58.0,29.0,1,6,38.7,25.6,12,17.1,1,65
Irrigation,62.3,81,67.2,59.5,2,10,66.0,35.6,4,27.6,0,0
Industrial Corridor,36.8,30,35.3,48.7,3,11,38.2,55.4,7,26.0,1,174
Urban Infrastructure,605.1,127,53.4,16.2,1,3,36.6,16.7,14,17.0,1,134
Industrial Corridor,320.2,263,84.5,69.6,0,24,85.5,87.7,6,21.5,0,0
Highway,68.4,72,77.6,67.2,0,13,59.7,38.3,2,22.4,0,0
Irrigation,271.2,359,54.8,63.2,4,13,61.8,62.0,10,34.1,1,134
Highway,508.6,440,80.8,72.6,1,20,71.6,52.0,8,16.4,0,0
Irrigation,154.4,151,57.9,40.3,1,4,82.4,96.6,2,17.1,0,0
Urban Infrastructure,219.2,391,83.6,68.6,0,17,54.6,71.0,6,21.9,0,0
Railway,939.4,1148,70.1,71.6,2,4,55.1,47.8,7,32.2,1,47
Railway,234.6,143,66.8,59.6,2,24,55.2,24.7,6,34.0,1,194
Highway,74.2,49,70.5,71.1,1,39,84.6,67.6,7,28.9,0,0
Urban Infrastructure,185.0,260,100.0,68.7,0,28,61.6,44.7,8,33.9,0,0
Highway,63.8,55,59.9,39.4,1,11,57.2,35.3,8,38.8,1,103
Highway,439.9,343,75.6,74.9,3,26,70.8,67.8,6,27.7,0,0
Highway,136.8,82,84.5,92.9,2,14,99.6,81.4,11,17.2,0,0
Highway,133.2,183,56.6,44.7,0,19,64.5,64.2,11,25.1,0,0
Railway,993.8,420,46.5,45.4,4,25,57.6,53.3,4,11.0,1,70
Railway,100.3,54,62.4,60.3,1,1,100.0,93.8,16,30.3,1,35
Highway,84.3,116,84.2,92.1,1,3,89.6,88.8,4,20.6,0,0
Highway,116.2,158,66.5,72.7,2,15,86.7,78.7,8,27.2,0,0
Highway,519.3,1244,68.3,58.0,2,9,53.0,47.8,9,25.1,1,116
Railway,401.4,282,86.6,82.3,2,17,51.0,52.6,3,21.8,0,0
Highway,183.1,110,59.1,16.1,2,19,26.3,19.4,2,28.5,1,48
Irrigation,170.0,109,70.6,54.3,2,11,82.3,71.0,5,24.6,0,0
Highway,380.5,87,47.8,55.9,2,13,64.5,72.0,10,19.1,1,19
Highway,328.9,47,77.1,90.6,0,7,27.0,11.7,1,13.9,0,0
Railway,246.2,213,75.7,62.1,1,21,87.0,85.4,5,29.9,0,0
Railway,411.0,236,84.7,82.3,3,31,56.3,44.3,3,12.7,0,0
Highway,109.4,48,53.7,27.1,1,4,58.7,59.7,12,45.7,1,164
Highway,138.8,107,68.9,57.0,2,30,32.7,7.9,5,40.2,1,73
Urban Infrastructure,425.8,373,51.5,71.3,0,23,72.8,49.5,9,8.5,0,0
Highway,348.0,234,68.1,74.4,1,28,73.0,79.7,6,32.9,0,0
Railway,285.3,195,95.7,97.2,3,39,62.0,45.1,11,38.5,1,84
Railway,971.5,553,66.9,52.7,3,11,54.6,23.9,5,19.6,1,106
Railway,473.7,524,50.1,56.8,1,35,100.0,100.0,4,29.9,0,0
Railway,187.5,97,61.1,51.0,4,40,38.9,42.9,3,24.6,0,0
Industrial Corridor,149.3,57,46.2,56.9,2,5,48.6,28.6,8,33.5,0,0
Industrial Corridor,359.7,199,51.3,43.2,3,20,77.2,87.8,10,21.1,0,0
Highway,603.9,508,82.7,69.5,2,19,42.7,45.4,3,37.2,1,109
Railway,54.1,62,48.9,20.4,0,41,41.2,47.4,6,24.4,1,72
Highway,341.7,677,77.0,65.6,3,82,85.6,65.4,16,22.5,0,0
Railway,216.4,168,72.4,75.8,1,28,75.1,76.5,5,33.1,0,0
Irrigation,320.1,544,63.5,34.6,4,62,72.7,68.0,3,35.9,1,101
Highway,78.6,38,75.6,70.2,2,9,66.6,68.8,5,2.0,0,0
Railway,603.6,261,57.0,38.2,2,27,49.2,23.0,5,2.0,1,87
Urban Infrastructure,712.0,678,85.5,86.1,0,17,57.9,61.8,11,29.8,0,0
Highway,444.8,461,60.8,51.5,1,25,61.4,73.5,7,18.7,0,0
Railway,805.8,664,65.8,69.0,1,29,79.9,92.6,2,11.5,0,0
Industrial Corridor,208.1,618,63.9,51.4,2,32,71.5,52.1,13,21.9,1,46
Highway,336.0,170,83.0,63.7,1,14,44.4,23.9,4,58.0,1,58
Highway,449.3,681,80.7,79.6,2,16,78.8,51.1,3,11.4,0,0
Highway,363.0,160,30.1,29.8,1,31,29.4,39.3,6,35.7,1,43
Urban Infrastructure,229.2,249,76.1,63.1,3,22,56.6,51.1,4,17.6,1,157
Highway,248.2,188,44.1,47.7,0,10,40.2,0.0,11,10.0,1,119
Highway,670.6,575,66.5,79.8,3,16,45.9,41.4,8,19.3,0,0
Highway,274.8,263,70.3,57.4,1,37,100.0,99.5,5,10.4,0,0
Highway,581.3,449,66.4,59.9,1,8,33.6,24.9,4,8.8,1,30
Irrigation,264.4,180,80.0,73.8,2,17,46.6,29.7,17,18.0,0,0
Highway,579.0,111,83.5,68.2,0,5,73.2,56.5,14,14.0,0,0
Irrigation,296.7,371,59.6,42.3,2,39,53.6,53.8,6,24.4,1,205
Irrigation,424.2,129,59.0,53.3,2,85,66.1,65.9,1,27.9,1,15
Industrial Corridor,164.9,95,71.4,79.1,1,47,91.6,87.0,5,17.3,0,0
Highway,335.5,300,47.3,48.2,0,12,76.1,78.1,11,32.9,1,37
Urban Infrastructure,166.9,58,64.4,48.2,1,12,53.6,63.1,3,18.7,1,83
Irrigation,204.2,139,93.6,83.7,0,38,60.3,24.2,17,24.3,0,0
Highway,217.2,254,47.9,47.6,2,35,73.6,70.7,16,2.1,1,45
Industrial Corridor,245.1,140,66.6,69.6,1,51,75.7,72.0,4,26.9,0,0
Urban Infrastructure,535.5,369,62.5,45.9,3,18,63.4,59.2,4,50.8,1,119
Highway,198.1,78,100.0,95.1,0,7,70.2,62.4,12,34.7,0,0
Urban Infrastructure,311.5,191,63.4,44.9,1,18,70.2,54.7,9,24.1,1,32
Railway,580.2,180,64.3,44.0,1,16,61.2,59.2,6,13.3,0,0
Irrigation,418.2,348,55.5,51.9,0,73,50.9,24.8,12,44.0,1,106
Urban Infrastructure,55.3,14,72.1,50.8,0,29,77.9,59.9,3,24.2,0,0
Railway,76.5,38,76.3,66.4,1,3,68.8,62.7,6,18.6,0,0
Industrial Corridor,367.8,279,57.8,46.1,3,30,21.4,22.4,14,18.9,1,22
Highway,190.4,125,87.8,100.0,1,40,46.5,21.2,10,48.8,1,96
Industrial Corridor,66.5,62,76.3,81.9,1,35,53.4,46.8,12,24.7,0,0
Irrigation,179.6,124,85.6,90.4,1,34,59.0,68.6,26,31.0,1,92
Highway,377.4,72,66.7,63.2,0,22,87.1,62.8,8,23.8,0,0
Railway,215.4,74,75.9,66.3,1,16,100.0,100.0,9,25.3,0,0
Highway,290.3,214,68.6,58.4,1,6,13.8,0.0,3,21.3,0,0
Highway,230.4,311,95.3,83.3,0,54,69.1,97.8,5,41.6,0,0
Highway,160.1,194,73.9,75.5,0,27,64.4,60.9,10,26.5,0,0
Railway,330.9,968,72.1,54.4,4,12,59.4,33.0,9,10.5,1,39
Highway,59.6,32,64.7,31.4,2,20,73.9,64.8,12,30.3,1,26
Highway,143.9,165,63.7,60.6,1,6,66.0,48.0,7,24.7,1,17
Industrial Corridor,472.5,520,75.8,77.1,0,20,55.8,60.3,7,30.2,0,0
Industrial Corridor,78.9,137,85.1,86.7,0,44,63.6,49.4,6,22.4,0,0
Industrial Corridor,279.9,412,61.0,51.8,1,30,74.1,65.0,2,20.0,1,18
Highway,202.6,176,74.0,73.4,1,39,72.2,59.5,3,35.8,0,0
Urban Infrastructure,187.9,195,74.9,91.1,0,37,66.8,27.2,6,46.5,0,0
Irrigation,502.9,466,77.7,90.1,1,26,51.3,22.7,13,5.6,0,0
Highway,569.2,410,44.7,22.4,2,17,100.0,79.1,7,26.9,0,0
Highway,116.0,116,57.2,31.3,0,14,70.2,49.1,6,20.1,1,20
Irrigation,246.6,202,50.1,19.7,1,51,78.2,82.8,7,16.0,0,0
Highway,44.0,35,72.5,61.3,0,28,52.8,50.9,6,2.3,0,0
Railway,484.1,862,57.6,63.5,4,26,66.8,80.8,6,30.0,1,41
Urban Infrastructure,269.3,237,64.1,62.2,0,28,66.6,76.6,4,20.7,0,0
Highway,73.8,57,52.9,65.8,0,15,24.8,29.1,8,20.0,1,23
Highway,149.8,100,65.5,78.9,0,25,48.7,40.1,13,39.2,0,0
Urban Infrastructure,107.0,68,54.0,42.4,1,11,48.3,57.7,7,21.2,0,0
Irrigation,142.8,48,84.1,68.6,0,13,51.0,42.6,8,20.7,0,0
Highway,48.9,35,79.7,44.3,0,31,41.6,34.9,7,11.3,1,93
Urban Infrastructure,665.9,924,74.4,67.6,2,27,63.9,71.9,9,16.0,1,15
Urban Infrastructure,119.9,62,67.2,78.2,2,8,90.9,59.0,6,42.1,0,0
Irrigation,279.4,620,39.4,33.1,1,9,65.6,76.5,2,32.7,0,0
Irrigation,375.0,49,64.7,60.7,1,36,39.4,13.6,4,40.2,0,0
Highway,569.7,555,59.8,58.7,3,11,42.4,67.2,6,16.8,1,15
Highway,286.4,239,76.0,63.2,0,18,55.5,48.6,18,30.0,1,118
Irrigation,227.7,401,81.9,90.9,1,1,34.7,43.7,4,37.5,1,86
Highway,295.2,143,77.2,67.4,0,7,69.1,69.9,5,32.4,0,0
Irrigation,115.4,36,92.2,75.1,0,12,90.1,53.9,4,43.4,0,0
Industrial Corridor,123.8,80,62.9,35.0,2,14,51.5,47.7,2,30.4,1,236
Highway,223.7,130,62.2,49.9,3,26,64.5,72.1,6,26.0,1,52
Irrigation,31.5,7,88.6,66.0,1,3,54.4,38.1,1,2.0,0,0
Highway,162.9,127,74.7,72.9,0,84,50.4,46.7,8,30.6,1,105
Urban Infrastructure,193.0,107,68.0,64.3,1,31,66.8,55.5,10,32.6,1,35
Highway,883.8,1396,100.0,73.1,8,12,49.7,54.4,1,38.6,1,103
Irrigation,618.4,487,81.2,92.4,4,23,46.8,50.8,26,17.3,0,0
Irrigation,374.1,166,69.0,66.6,0,22,30.6,33.4,2,25.6,1,55
Railway,492.2,359,61.0,37.2,3,3,64.3,43.3,3,8.5,1,63
Irrigation,122.9,102,93.2,88.2,0,45,84.3,78.7,21,8.3,0,0
Industrial Corridor,300.9,310,75.3,71.3,3,36,77.1,83.8,2,31.6,1,88
Irrigation,452.2,340,72.4,68.1,3,28,92.8,81.4,7,39.9,1,27
Industrial Corridor,123.8,267,82.8,73.2,4,22,49.5,39.3,9,40.3,0,0
Urban Infrastructure,76.8,25,86.1,62.9,0,11,80.0,62.4,5,30.8,0,0
Railway,347.2,190,80.8,59.9,2,52,40.9,39.1,5,48.5,1,73
Railway,85.4,38,86.1,77.9,1,20,77.2,69.4,9,21.7,0,0
Highway,397.9,239,79.2,55.9,1,37,95.9,80.6,14,35.9,0,0
Industrial Corridor,563.4,499,80.9,68.1,2,29,73.0,79.1,7,11.5,1,26
Irrigation,127.3,108,60.3,40.3,1,38,96.2,73.9,19,2.0,1,61
Railway,135.9,138,100.0,100.0,0,37,51.0,41.8,2,20.7,0,0
Highway,552.5,434,52.3,20.0,3,9,60.3,67.8,19,24.7,1,102
Urban Infrastructure,287.6,234,77.0,65.9,1,4,44.7,52.3,5,28.6,1,22
Railway,504.9,401,50.6,81.1,2,8,63.7,56.2,18,24.0,0,0
Irrigation,230.0,130,70.4,39.2,1,18,68.4,67.7,10,30.0,1,39
Highway,243.2,131,62.9,54.8,1,77,63.5,43.2,3,45.1,1,34
Urban Infrastructure,282.2,124,74.2,71.7,1,26,53.5,48.8,8,34.1,0,0
Highway,771.1,807,77.5,78.0,3,3,53.2,39.7,1,17.6,0,0
Highway,479.0,73,56.7,42.5,2,10,69.9,73.6,4,2.0,0,0
Urban Infrastructure,158.6,127,71.5,75.9,0,4,59.8,51.1,5,14.2,0,0
Urban Infrastructure,316.6,367,94.3,94.4,3,14,40.0,11.3,6,40.8,1,71
Highway,218.0,291,51.0,50.7,2,20,25.1,18.3,14,20.5,1,47
Railway,187.9,22,58.3,54.4,2,10,51.1,50.4,5,33.5,0,0
Industrial Corridor,390.3,225,85.8,85.0,0,11,35.4,39.4,4,33.0,1,15
Urban Infrastructure,337.5,154,73.2,53.3,2,10,46.3,37.6,3,25.4,1,54
Railway,128.6,70,74.4,62.6,1,9,54.5,24.4,8,25.0,0,0
Railway,282.7,422,88.4,74.9,5,9,60.1,71.6,11,18.7,0,0
Industrial Corridor,183.3,84,59.3,42.8,0,41,49.7,41.4,4,50.5,1,21
Industrial Corridor,373.6,432,63.7,57.0,2,13,100.0,100.0,8,15.5,1,32
Industrial Corridor,177.0,143,61.7,68.0,1,10,37.8,35.0,1,38.3,0,0
Irrigation,244.3,130,66.4,33.1,0,16,87.2,74.3,5,35.1,0,0
Highway,191.9,95,93.4,72.4,0,34,59.7,74.4,2,32.8,0,0
Urban Infrastructure,57.4,49,44.8,14.2,0,66,49.8,47.5,17,24.7,1,123
Urban Infrastructure,746.7,527,52.9,30.4,1,29,74.8,61.4,18,9.7,1,35
Industrial Corridor,280.4,60,50.1,48.5,0,58,53.9,42.9,8,13.4,0,0
Highway,763.4,298,94.4,100.0,6,17,46.9,32.8,2,17.5,0,0
Highway,289.7,253,62.2,71.4,3,11,98.8,100.0,2,30.1,0,0
Industrial Corridor,438.6,139,66.8,49.9,4,28,19.1,5.7,7,35.8,1,50
Highway,167.2,209,46.2,39.6,1,29,58.1,58.1,7,29.5,1,70
Urban Infrastructure,170.6,44,67.8,65.7,1,23,66.8,47.1,1,28.9,0,0
Railway,269.2,168,85.9,100.0,1,7,91.2,100.0,4,37.5,0,0
Industrial Corridor,759.0,809,76.0,68.2,2,9,55.0,50.3,6,3.0,0,0
Urban Infrastructure,132.4,49,70.3,77.4,2,17,100.0,89.5,14,2.0,0,0
Railway,43.9,13,47.0,49.1,1,82,78.2,49.0,9,9.0,1,171
Highway,544.2,521,66.8,46.9,3,9,15.7,5.4,5,36.2,1,500
Irrigation,456.8,538,74.4,80.8,1,70,33.9,22.1,15,3.9,1,15
Irrigation,200.5,131,56.1,61.2,1,34,67.7,53.1,17,25.9,1,100
Railway,949.8,538,82.5,71.9,2,35,40.1,12.3,11,16.0,1,15
Irrigation,975.9,242,86.2,66.0,0,28,74.0,70.7,2,27.7,0,0
Urban Infrastructure,53.3,41,63.5,61.1,0,65,53.9,65.9,6,24.4,1,105
Railway,164.0,31,83.6,55.1,2,10,39.1,54.0,5,28.8,0,0
Highway,267.8,403,70.2,80.1,2,34,43.7,24.7,4,21.6,0,0
Railway,366.6,246,90.4,100.0,1,6,80.0,67.7,15,33.8,0,0
Railway,329.6,131,100.0,100.0,0,10,22.5,17.3,16,42.1,1,22
Highway,279.7,138,54.5,69.6,1,30,83.9,83.7,5,39.9,0,0
Highway,115.8,93,84.3,71.6,1,36,84.5,72.8,5,22.0,0,0
Irrigation,398.4,218,92.9,98.6,0,24,56.4,44.3,2,16.5,0,0
Railway,413.9,300,56.5,68.2,0,2,34.9,18.7,14,28.2,0,0
Urban Infrastructure,519.3,186,62.8,49.5,1,8,74.1,81.7,12,47.7,1,49
Highway,102.0,138,62.6,43.1,1,5,53.3,70.8,4,25.4,1,80
Highway,237.4,119,69.9,47.2,0,16,32.7,37.4,4,35.2,1,42
Industrial Corridor,193.0,28,66.3,46.0,1,5,100.0,100.0,9,34.6,0,0
Urban Infrastructure,100.3,58,68.8,73.7,1,10,45.3,57.3,8,34.5,0,0
Highway,234.6,106,85.4,73.5,2,10,33.6,1.1,7,40.0,1,123
Highway,120.9,157,41.7,26.7,5,42,68.7,93.7,12,11.5,1,124
Highway,85.8,34,56.4,55.0,0,11,61.6,45.6,9,15.4,1,28
Irrigation,460.7,250,82.7,72.4,2,68,92.7,70.1,8,26.5,0,0
Railway,199.6,163,80.8,90.3,1,13,55.4,31.6,5,39.5,0,0
Highway,157.7,161,55.1,55.9,0,27,55.6,42.4,10,39.5,1,67
Highway,603.8,942,81.0,67.8,3,22,69.7,40.9,8,25.5,1,86
Railway,422.3,177,93.2,64.1,3,19,67.0,31.2,5,37.0,1,15
Urban Infrastructure,38.8,57,71.2,47.1,0,34,67.6,63.1,5,21.4,0,0
Irrigation,368.3,468,55.9,38.6,3,17,68.4,52.7,4,16.9,1,78
Railway,367.1,165,86.0,76.9,2,10,66.3,38.2,7,11.4,1,63
Highway,227.3,94,99.6,92.7,2,30,54.7,58.6,11,24.5,0,0
Highway,220.8,203,57.8,70.1,1,7,79.7,74.4,3,22.2,0,0
Highway,64.5,46,72.6,76.3,2,13,55.8,56.2,5,37.0,0,0
Industrial Corridor,942.9,865,89.4,92.6,5,34,79.1,63.2,11,32.2,1,66
Urban Infrastructure,233.9,138,73.8,57.8,0,16,90.8,100.0,5,26.6,0,0
Urban Infrastructure,354.6,269,44.0,22.8,2,25,49.4,18.9,7,26.6,1,99
Urban Infrastructure,243.7,164,79.1,60.8,2,22,100.0,83.0,3,21.4,0,0
Urban Infrastructure,159.8,146,56.3,31.7,0,11,48.7,30.9,3,6.4,1,113
Urban Infrastructure,484.6,196,51.7,42.7,0,16,48.9,75.3,5,13.0,0,0
Highway,309.8,246,44.4,50.2,0,7,73.8,80.4,6,34.7,0,0
Highway,235.4,363,91.0,83.7,1,38,71.8,40.4,8,24.5,0,0
Highway,352.0,526,58.6,60.7,2,14,64.4,58.1,15,11.6,1,15
Irrigation,260.6,221,77.3,60.1,0,40,79.4,96.3,3,41.0,0,0
Highway,796.8,318,81.3,78.3,1,15,68.1,55.8,2,44.7,0,0
Industrial Corridor,473.7,927,74.6,68.0,2,27,100.0,80.8,2,39.2,1,55
Irrigation,392.2,357,76.7,59.0,5,7,61.9,44.9,7,30.7,1,15
Irrigation,72.4,134,78.1,80.5,2,36,45.9,39.2,8,29.1,0,0
Highway,401.5,374,74.2,52.7,1,16,52.0,26.0,4,25.7,0,0
Highway,394.7,41,59.8,70.7,4,12,72.4,73.9,7,27.8,0,0
Highway,122.8,240,58.4,46.1,1,6,72.7,55.6,12,32.9,1,67
Urban Infrastructure,70.8,83,70.3,63.6,0,94,67.1,56.1,5,33.8,0,0
Irrigation,460.9,341,70.0,50.4,5,5,46.0,39.0,5,31.0,1,185
Industrial Corridor,499.6,102,78.9,90.1,0,67,85.2,81.9,3,2.0,0,0
Highway,171.3,213,89.6,100.0,2,53,100.0,96.2,8,38.7,1,83
Railway,165.2,153,77.5,59.0,0,5,63.6,54.1,4,28.2,0,0
Railway,306.0,693,59.0,56.5,3,17,99.2,94.6,9,11.1,0,0
Industrial Corridor,199.1,348,37.1,30.4,1,16,80.3,60.3,5,28.2,1,41
Industrial Corridor,69.3,126,59.7,60.9,1,17,100.0,99.0,6,29.3,0,0
Highway,121.6,101,50.5,29.7,2,22,72.5,40.0,2,8.7,1,25
Urban Infrastructure,345.7,281,60.3,48.1,3,40,65.7,65.4,12,18.9,1,15
Highway,127.6,119,75.9,64.5,1,6,79.8,57.0,10,13.8,0,0
Urban Infrastructure,516.3,248,73.4,81.8,1,16,54.3,30.9,4,15.3,0,0
Highway,390.4,294,100.0,85.0,1,12,71.1,59.6,9,32.3,0,0
Highway,355.4,236,79.7,85.6,4,11,89.6,79.4,3,19.2,0,0
Industrial Corridor,301.5,434,100.0,100.0,2,18,79.4,81.3,10,27.0,0,0
Highway,154.0,247,83.4,94.5,1,15,62.4,61.2,8,34.1,0,0
Railway,427.1,463,89.4,83.6,1,22,67.0,54.7,15,21.2,0,0
Railway,150.5,65,66.3,43.4,0,2,78.2,69.9,8,34.6,0,0
Highway,535.3,1082,54.8,43.6,2,37,77.5,50.8,3,40.9,0,0
Industrial Corridor,718.3,890,64.8,63.0,7,20,78.0,75.8,7,35.3,1,152
Urban Infrastructure,308.5,276,71.8,62.3,4,14,69.8,66.7,5,32.6,0,0
Urban Infrastructure,658.2,675,61.9,52.4,1,5,46.5,62.5,14,35.4,1,69
Railway,123.1,35,56.0,47.1,0,23,49.7,31.0,2,30.3,1,124
Irrigation,393.4,262,78.7,68.2,4,17,72.2,54.9,7,35.3,0,0
Highway,274.6,415,55.9,62.5,4,18,79.6,55.9,3,13.1,0,0
Highway,466.1,127,47.5,38.0,0,20,77.0,52.5,16,25.2,1,130
Highway,41.4,11,54.0,70.6,0,28,49.5,28.7,7,30.3,0,0
Urban Infrastructure,447.9,557,68.3,52.2,2,22,60.0,38.5,9,25.2,0,0
Urban Infrastructure,166.1,163,56.1,63.5,0,50,39.5,21.3,5,53.5,1,358
Industrial Corridor,284.5,78,68.4,43.9,1,28,35.2,14.7,10,23.9,1,15
Railway,932.7,587,81.6,100.0,2,22,64.6,83.2,3,6.4,0,0
Railway,402.4,361,81.2,49.8,0,19,90.2,97.7,4,26.6,0,0
Irrigation,367.2,306,61.4,76.3,0,8,65.0,74.9,14,35.1,1,30
Irrigation,347.0,325,51.1,59.9,0,4,100.0,71.9,23,16.4,0,0
Railway,572.2,343,62.8,50.6,0,1,59.7,62.4,2,25.6,0,0
Highway,476.8,410,82.5,65.8,2,27,63.6,63.9,4,25.2,0,0
Highway,349.6,379,86.2,82.2,2,17,43.2,34.1,12,25.3,0,0
Urban Infrastructure,320.3,332,77.6,57.1,2,29,56.1,65.8,8,19.4,0,0
Railway,305.6,187,91.2,94.4,0,48,39.2,24.5,4,38.1,0,0
Urban Infrastructure,263.8,301,99.7,97.3,2,16,32.1,55.1,5,49.8,1,87
Highway,100.4,40,64.3,60.5,2,5,39.5,48.2,4,16.8,0,0
Irrigation,396.6,196,95.8,95.3,3,35,64.7,52.7,9,11.6,0,0
Highway,179.5,223,67.8,86.9,2,15,48.3,57.9,4,21.2,0,0
Highway,241.1,272,88.3,80.6,4,10,53.0,24.5,5,41.5,0,0
Highway,498.2,322,83.3,76.9,3,10,71.2,61.5,10,23.2,0,0
Highway,268.4,131,40.4,17.3,0,27,32.0,6.0,8,30.0,1,153
Urban Infrastructure,253.5,134,56.5,66.5,2,26,64.6,50.2,13,16.0,1,15
Railway,309.2,326,52.5,53.5,3,41,80.0,71.2,4,45.6,0,0
Irrigation,218.7,206,43.5,18.7,0,6,81.7,87.6,5,22.8,0,0
Railway,920.0,431,86.1,74.0,2,6,73.3,50.4,3,28.7,0,0
Railway,840.8,945,100.0,84.3,8,20,62.0,46.4,5,17.2,0,0
Irrigation,826.9,520,67.9,53.6,0,22,50.5,10.2,2,16.2,1,15
Highway,347.8,141,85.7,71.3,1,37,61.4,40.0,1,26.0,0,0
Urban Infrastructure,170.6,96,95.8,62.3,1,39,96.1,93.1,2,27.1,0,0
Industrial Corridor,507.1,400,75.3,66.0,4,20,68.5,55.2,11,35.5,0,0
Industrial Corridor,220.0,242,71.6,77.8,0,41,60.9,45.6,2,7.4,1,20
Railway,536.6,569,68.1,51.2,3,17,74.3,47.9,8,15.5,1,47
Highway,164.3,115,80.6,80.5,0,17,64.0,35.2,5,18.4,0,0
Urban Infrastructure,365.2,308,86.0,79.5,1,14,67.5,60.9,5,27.3,0,0
Railway,586.6,391,79.4,66.2,1,6,58.1,67.3,2,13.6,0,0
Highway,229.3,108,78.8,82.3,1,4,54.7,73.5,4,25.0,0,0
Railway,228.7,164,71.2,70.3,1,20,82.9,91.0,7,18.9,0,0
Industrial Corridor,77.9,16,46.5,31.8,0,36,24.0,23.9,2,24.5,1,40
Irrigation,168.4,274,86.4,86.1,1,10,72.6,41.0,4,17.5,0,0
Industrial Corridor,343.1,285,51.4,29.8,2,39,53.5,21.7,7,14.9,1,226
Industrial Corridor,379.6,366,81.9,87.7,2,47,24.9,1.5,8,29.1,1,194
Highway,417.8,201,84.1,90.0,1,13,43.5,16.0,5,38.2,0,0
Urban Infrastructure,51.8,43,53.8,19.1,1,3,62.3,63.9,17,34.9,1,143
Railway,220.8,201,62.3,75.7,3,14,65.0,78.7,6,38.2,1,95
Irrigation,86.9,56,100.0,92.4,0,7,77.8,83.9,10,39.5,0,0
Highway,331.3,221,70.7,36.8,2,36,79.2,100.0,7,24.2,1,36
Urban Infrastructure,64.6,20,52.5,44.9,0,21,32.1,39.8,5,46.6,1,105
Highway,111.3,213,84.8,57.9,0,3,70.6,69.2,1,34.3,0,0
Highway,471.4,225,59.6,42.5,0,25,77.6,66.1,10,15.6,1,28
Railway,184.0,95,41.3,33.4,1,37,67.4,56.4,10,18.6,1,35
Highway,661.8,1113,80.3,74.1,1,19,73.0,74.3,16,27.7,0,0
Highway,425.2,422,57.3,79.0,1,12,24.3,6.8,5,35.7,1,107
Irrigation,230.3,255,77.1,73.6,0,24,43.2,44.3,20,23.5,1,62
Railway,521.1,157,59.0,47.7,0,54,90.3,81.1,10,15.3,1,61
Urban Infrastructure,245.0,201,83.3,72.1,0,42,57.4,65.0,13,34.7,0,0
Highway,453.7,138,74.9,32.4,3,5,100.0,74.7,3,13.7,0,0
Industrial Corridor,161.8,70,30.6,18.7,0,21,37.4,28.1,7,29.3,1,155
Railway,541.0,1121,78.1,61.3,3,7,94.3,75.1,15,26.5,0,0
Irrigation,70.8,27,67.4,43.1,0,12,50.8,60.0,3,11.2,1,15
Irrigation,111.1,120,94.7,79.1,1,44,80.2,68.6,1,45.6,0,0
Railway,128.3,52,78.3,71.5,0,21,57.1,39.5,5,26.2,1,59
Urban Infrastructure,175.8,77,84.1,77.2,1,8,65.3,87.0,17,13.0,0,0
Railway,351.6,974,60.6,57.5,4,14,74.9,48.4,13,26.5,1,136
Highway,278.8,197,59.4,45.2,1,31,50.7,60.4,6,7.0,0,0
Irrigation,457.2,131,71.6,66.0,2,11,79.0,66.8,4,30.0,0,0
Industrial Corridor,591.9,652,66.2,49.5,2,21,57.7,21.9,9,35.5,1,57
Highway,63.3,92,93.4,99.5,3,12,66.6,43.3,13,55.7,0,0
Railway,638.4,740,69.5,59.4,1,13,10.1,23.4,10,27.1,0,0
Urban Infrastructure,241.0,161,52.4,22.7,3,47,56.3,50.0,15,18.8,1,21
Industrial Corridor,816.8,557,58.8,53.9,3,20,88.3,60.8,15,28.3,1,55
Urban Infrastructure,156.1,84,87.4,53.6,0,27,76.9,80.2,8,41.8,0,0
Irrigation,45.9,16,69.3,59.0,0,20,80.7,77.1,10,31.5,0,0
Irrigation,428.4,385,68.5,61.3,1,4,64.1,60.9,7,35.2,0,0
Highway,410.7,266,89.0,79.4,2,6,96.5,78.9,2,34.4,0,0
Urban Infrastructure,113.7,35,57.4,53.8,1,47,68.8,82.9,7,31.6,0,0
Railway,123.9,89,36.2,55.9,1,43,49.8,31.4,3,10.6,1,53
Industrial Corridor,480.0,230,58.4,38.1,2,19,80.1,80.4,2,10.0,1,63
Railway,363.3,317,75.9,37.2,0,9,81.5,72.7,12,8.6,1,31
Irrigation,223.4,184,68.0,53.3,1,3,75.6,70.0,4,12.8,0,0
Industrial Corridor,388.7,231,47.0,31.4,2,73,54.9,36.9,6,14.1,1,116
Railway,338.9,249,88.3,82.9,2,6,68.6,59.9,3,46.5,0,0
Urban Infrastructure,135.4,105,74.6,50.4,2,10,90.9,60.3,4,18.2,0,0
Railway,503.9,626,78.2,70.7,0,11,72.6,48.8,6,27.1,0,0
Irrigation,441.1,317,78.7,67.0,1,9,33.4,36.3,8,23.3,0,0
Railway,283.4,155,51.2,65.1,1,18,50.4,20.9,6,28.1,0,0
Railway,480.2,303,76.8,76.2,2,67,49.5,35.7,9,26.8,0,0
Railway,881.6,1620,86.5,73.4,6,16,47.9,36.4,11,12.2,1,193
Highway,122.7,51,90.2,69.5,0,23,20.8,0.0,2,32.6,1,22
Highway,231.0,152,83.5,62.4,1,28,100.0,100.0,9,18.5,0,0
Irrigation,239.6,156,80.2,94.3,3,34,45.5,57.2,7,18.2,0,0
Irrigation,473.3,316,44.2,56.9,2,19,46.9,37.5,7,22.6,1,33
Irrigation,174.1,40,71.8,55.6,0,8,24.2,24.3,3,34.9,0,0
Highway,455.9,157,56.7,59.2,2,29,80.3,40.2,5,19.1,1,24
Railway,190.6,120,92.5,72.0,1,54,61.2,63.7,10,27.0,1,15
Highway,110.7,59,90.1,100.0,3,11,56.0,46.4,2,30.4,0,0
Industrial Corridor,295.5,257,56.8,50.2,1,24,57.0,45.1,22,28.8,1,15
Urban Infrastructure,187.4,252,71.3,63.8,4,29,74.8,47.3,12,28.2,0,0
Highway,316.6,288,76.0,61.3,0,13,53.4,59.3,3,10.6,0,0
Irrigation,370.8,293,86.4,92.8,2,33,23.2,38.4,5,27.4,1,67
Highway,68.0,65,45.2,64.7,1,41,37.2,7.3,2,15.9,0,0
Highway,204.5,170,36.6,26.2,1,24,36.1,25.9,12,6.6,1,84
Highway,295.6,216,72.6,57.2,0,32,68.5,47.4,6,20.9,0,0
Highway,481.6,586,31.5,9.4,1,16,81.6,59.7,8,20.3,1,58
Irrigation,443.3,21,74.5,71.5,1,6,92.3,67.8,7,58.6,0,0
Urban Infrastructure,145.2,90,81.5,62.6,2,8,30.3,27.0,10,36.7,1,145
Highway,248.4,85,91.8,77.0,2,61,75.4,76.1,3,34.6,0,0
Irrigation,384.0,199,62.0,35.5,2,41,50.7,71.6,26,21.5,1,196
Industrial Corridor,235.9,112,74.6,67.4,2,7,100.0,100.0,10,24.0,0,0
Urban Infrastructure,157.0,332,82.4,98.6,2,7,90.7,80.8,11,54.3,0,0
Irrigation,271.2,376,53.2,46.1,4,29,97.0,98.5,8,19.0,0,0
Highway,359.8,286,86.6,77.4,2,96,79.0,87.1,3,28.8,1,27
Irrigation,133.8,65,76.4,61.1,0,20,70.6,60.8,5,46.3,0,0
Railway,412.4,499,62.3,75.8,1,9,54.9,25.8,5,18.0,1,28
Urban Infrastructure,308.1,240,74.3,70.7,3,35,51.0,42.8,13,27.6,0,0
Railway,422.5,262,69.8,49.6,1,46,47.0,55.0,4,25.8,1,39
Irrigation,266.9,209,84.5,78.0,3,29,75.4,47.3,7,16.2,0,0
Highway,798.8,503,66.2,62.5,3,26,94.2,96.8,3,34.5,0,0
Railway,355.0,339,75.6,40.9,5,7,55.9,24.7,10,13.7,1,62
Urban Infrastructure,454.6,146,62.1,69.1,0,35,48.6,43.5,4,34.5,1,116
Irrigation,411.3,391,57.0,31.7,5,30,33.3,22.8,10,30.7,1,76
Railway,246.0,155,74.7,52.4,2,14,67.9,35.5,12,35.9,0,0
Urban Infrastructure,333.6,408,57.7,52.9,2,5,87.6,98.9,19,23.9,1,53
Urban Infrastructure,177.3,249,84.8,77.3,2,13,88.6,95.4,6,30.3,0,0
Railway,762.4,1199,81.5,74.0,4,19,90.6,86.5,8,37.3,0,0
Irrigation,382.1,928,59.8,49.3,1,31,71.3,64.4,7,10.5,1,52
Railway,149.6,329,75.4,75.7,6,35,64.8,16.2,5,12.7,1,247
Irrigation,654.6,1010,59.7,57.7,0,17,88.6,92.9,11,32.4,1,111
Railway,255.3,307,46.3,43.3,0,16,40.8,51.4,5,35.1,1,133
Highway,497.2,175,62.4,58.9,1,40,54.2,59.2,10,27.5,0,0
Urban Infrastructure,66.2,9,71.2,67.6,0,24,97.2,84.7,1,36.1,0,0
Urban Infrastructure,579.6,751,80.3,100.0,2,29,41.5,25.1,4,22.0,1,54
Industrial Corridor,371.5,161,74.4,65.0,1,14,62.3,63.9,12,39.9,0,0
Urban Infrastructure,140.0,426,86.5,85.9,1,39,75.6,66.3,7,25.2,0,0
Industrial Corridor,367.2,97,56.3,74.4,2,11,64.7,26.5,13,17.4,0,0
Industrial Corridor,714.4,839,66.0,62.9,2,67,86.0,76.5,7,41.7,1,119
Industrial Corridor,181.4,151,98.3,95.6,1,6,93.5,79.7,11,35.1,0,0
Railway,179.5,51,41.1,15.2,0,20,72.6,35.3,4,21.0,1,15
Railway,243.3,202,64.8,64.3,0,6,90.8,92.3,10,21.3,0,0
Highway,293.7,137,54.9,37.6,0,28,44.4,46.9,9,32.6,0,0
Irrigation,518.6,366,68.9,41.5,0,42,59.8,57.8,6,15.0,0,0
Highway,385.5,275,65.0,65.8,0,29,100.0,98.9,11,29.5,0,0
Highway,243.2,115,81.6,74.3,2,13,100.0,100.0,12,24.1,0,0
Irrigation,343.5,205,76.1,43.9,1,6,37.5,26.4,11,28.4,1,133
Railway,788.7,350,51.1,39.9,1,13,62.7,50.4,12,3.8,1,44
Highway,430.7,90,62.6,49.4,2,30,65.7,59.5,9,16.0,0,0
Industrial Corridor,262.4,207,72.0,69.7,4,8,71.3,58.6,3,28.8,0,0
Urban Infrastructure,238.0,366,83.8,66.2,1,4,88.5,75.6,7,37.6,0,0
Highway,329.7,152,100.0,92.6,1,16,99.8,100.0,6,24.6,0,0
Highway,514.4,1012,83.2,100.0,3,6,63.7,50.4,8,33.9,1,24
Railway,162.0,356,55.8,52.8,1,23,85.4,68.0,12,9.7,1,27
Industrial Corridor,469.6,266,70.5,79.1,0,17,76.0,91.0,11,21.1,0,0
Industrial Corridor,258.6,168,74.9,65.3,0,15,62.6,31.7,10,29.1,0,0
Highway,286.5,164,63.7,68.5,1,72,29.0,38.5,1,25.3,1,95
Industrial Corridor,1187.1,422,79.5,64.8,1,26,83.4,91.5,6,34.4,0,0
Highway,438.9,286,35.7,27.1,0,1,75.1,63.1,5,23.2,0,0
Railway,191.9,117,80.9,90.4,2,66,70.8,53.8,10,23.3,0,0
Urban Infrastructure,370.8,289,64.4,63.3,0,19,43.4,22.7,14,33.2,1,94
Highway,531.2,428,70.2,53.5,3,14,100.0,82.6,8,20.1,0,0
Highway,442.1,149,95.5,71.4,1,22,66.0,64.8,2,16.0,0,0
Railway,37.8,39,51.8,56.4,1,7,40.2,29.6,7,31.1,0,0
Irrigation,278.2,180,76.4,83.8,2,17,37.0,32.8,1,15.4,0,0
Urban Infrastructure,381.7,146,84.7,49.4,2,38,76.5,64.9,12,41.6,1,102
Urban Infrastructure,361.4,230,74.7,66.8,2,15,77.1,67.1,5,5.7,0,0
Highway,203.8,168,46.2,36.9,3,12,53.7,52.3,13,22.7,1,34
Highway,447.1,759,93.6,96.0,3,10,72.3,68.5,13,43.9,0,0
Industrial Corridor,581.2,900,68.6,57.6,4,34,76.4,95.2,15,47.7,1,360
Highway,70.1,38,63.6,31.6,1,24,65.8,44.3,5,25.0,0,0
Urban Infrastructure,64.0,43,67.0,55.4,0,66,49.0,35.5,21,38.1,1,72
Irrigation,368.6,160,65.9,43.0,1,59,82.2,100.0,13,34.5,1,15
Highway,471.4,425,53.0,44.6,3,16,79.8,58.9,5,20.6,1,68
Industrial Corridor,182.0,101,74.6,81.0,0,29,74.4,66.2,14,31.1,0,0
Highway,40.4,27,62.4,64.0,0,14,46.3,51.4,5,16.5,0,0
Railway,281.5,372,82.7,90.3,1,12,36.4,42.8,9,8.8,1,139
Irrigation,365.0,123,80.3,69.3,1,11,64.5,65.8,10,31.5,0,0
Railway,229.2,355,98.0,72.9,1,10,81.6,86.6,10,32.2,0,0
Irrigation,539.6,515,68.6,58.3,2,38,83.8,86.8,4,13.0,0,0
Irrigation,350.3,529,59.1,55.4,0,12,74.7,40.2,15,24.4,1,45
Urban Infrastructure,167.3,190,48.5,51.6,2,14,54.0,39.4,12,13.0,0,0
Urban Infrastructure,180.9,227,100.0,87.0,1,24,46.9,7.4,18,20.9,1,47
Railway,285.8,217,82.6,91.9,3,22,62.7,50.3,15,21.2,0,0
Highway,218.0,82,60.9,68.8,1,20,62.9,45.2,13,34.1,0,0
Industrial Corridor,60.0,31,99.1,78.5,0,43,85.1,89.3,13,20.5,0,0
Urban Infrastructure,330.2,149,93.7,89.6,1,11,53.4,46.9,10,12.1,0,0
Highway,184.6,32,50.4,46.6,2,10,55.1,47.3,7,44.9,1,142
Railway,209.2,276,59.9,54.3,2,0,100.0,81.7,10,31.4,0,0
Railway,121.7,86,69.9,51.7,0,29,94.0,85.7,4,35.9,0,0
Highway,726.2,311,54.9,44.6,4,29,45.3,31.0,14,32.7,1,148
Irrigation,422.0,906,70.5,72.9,1,40,92.4,78.7,24,36.4,1,72
Railway,839.4,2240,83.4,85.3,7,15,40.6,36.1,11,30.8,1,70
Industrial Corridor,228.4,70,50.0,44.7,0,17,54.3,51.4,6,31.1,1,55
Industrial Corridor,437.9,285,76.7,64.5,0,37,56.6,57.6,4,27.4,0,0
Industrial Corridor,334.1,209,90.7,83.2,1,13,61.4,36.2,6,21.2,0,0
Railway,172.4,70,78.4,72.1,2,19,75.4,70.9,13,35.8,0,0
Railway,226.7,295,70.8,62.2,4,43,65.1,51.2,10,23.1,1,15
Industrial Corridor,421.5,74,61.3,53.8,0,28,75.3,68.6,9,27.3,0,0
Industrial Corridor,121.6,224,85.3,88.2,4,15,55.0,30.1,7,30.1,0,0
Railway,543.1,422,53.2,29.7,2,37,70.5,91.3,9,31.0,1,192
Urban Infrastructure,315.6,646,75.9,74.7,2,18,64.6,51.1,2,14.8,0,0
Highway,498.0,368,72.4,62.6,3,37,35.2,45.0,6,28.2,1,202
Urban Infrastructure,366.0,228,90.0,100.0,2,24,72.7,57.8,6,14.8,0,0
Highway,70.7,96,62.7,57.7,2,13,64.9,58.1,6,28.0,0,0
Highway,278.4,568,64.0,71.4,1,7,48.7,61.9,12,34.6,1,15
Irrigation,550.6,1022,52.1,57.8,5,33,54.5,40.4,2,45.8,1,62
Highway,312.4,73,79.0,37.1,0,35,55.0,42.6,6,32.4,0,0
Highway,283.4,450,65.2,53.7,0,47,58.1,52.6,8,35.5,0,0
Highway,312.2,189,58.2,33.0,0,30,98.2,90.8,7,14.0,0,0
Railway,55.4,38,59.7,39.7,0,16,100.0,88.6,7,31.9,0,0
Industrial Corridor,587.1,351,80.6,58.8,4,23,8.5,0.0,2,13.7,1,98
Highway,29.7,15,54.4,49.2,1,20,72.8,68.5,9,39.2,1,57
Irrigation,665.3,436,55.8,25.3,0,16,82.1,57.9,3,14.3,1,114
Industrial Corridor,216.6,86,86.3,66.4,0,6,58.7,50.3,4,15.3,1,15
Highway,383.3,611,69.3,60.7,1,7,81.6,53.2,12,34.3,0,0
Highway,50.6,57,87.3,75.6,2,34,96.1,90.6,8,44.5,0,0
Urban Infrastructure,468.1,405,66.3,60.2,4,10,35.6,36.6,5,37.6,1,15
Industrial Corridor,417.4,249,72.0,63.3,2,15,65.7,73.2,21,22.1,0,0
Irrigation,400.8,214,74.5,67.1,3,4,100.0,91.5,6,15.1,0,0
Industrial Corridor,48.2,47,94.2,80.9,0,4,38.2,41.1,3,21.3,0,0
Highway,154.6,136,92.9,60.5,0,10,60.7,30.6,2,27.4,0,0
Railway,367.3,520,90.5,99.4,4,33,54.0,58.1,13,25.1,0,0
Industrial Corridor,577.0,311,61.9,37.9,2,34,84.0,85.4,11,14.7,1,27
Highway,136.6,69,56.2,53.4,1,22,86.8,69.1,7,40.1,1,22
Industrial Corridor,139.7,154,84.2,58.4,2,11,66.2,39.4,4,40.4,0,0
Railway,351.3,434,94.0,90.7,3,50,63.6,43.6,10,46.7,1,69
Industrial Corridor,1121.9,2867,90.6,76.8,4,15,28.6,3.7,11,7.7,1,207
Railway,174.8,40,72.2,66.4,0,53,91.5,83.7,1,17.1,0,0
Railway,214.7,353,83.6,99.8,0,26,55.9,47.9,3,28.8,0,0
Highway,191.6,157,83.9,51.6,2,38,60.2,21.0,12,26.1,0,0
Highway,259.0,145,74.4,79.6,1,39,82.4,48.0,3,21.1,0,0
Industrial Corridor,606.2,596,75.1,65.9,2,3,67.0,47.3,6,16.6,0,0
Highway,269.0,259,73.6,80.3,4,7,83.1,57.5,7,15.0,0,0
Highway,1188.9,676,59.4,70.1,4,14,75.1,53.2,4,48.3,0,0
Highway,304.6,73,61.0,55.9,1,10,67.1,76.2,8,10.3,1,100
Highway,643.6,1060,60.8,61.1,3,27,69.2,60.8,4,8.9,1,15
Industrial Corridor,226.7,109,46.4,54.8,1,28,40.5,9.0,3,12.9,1,15
Railway,100.7,44,74.3,66.8,0,13,60.0,40.2,3,28.1,1,15
Urban Infrastructure,268.7,137,71.4,84.1,1,12,84.7,76.7,3,23.0,0,0
Highway,404.8,486,84.2,74.4,1,37,45.0,13.4,13,30.5,1,126
Irrigation,155.7,95,92.2,86.0,3,12,48.7,34.2,11,18.2,1,42
Railway,580.2,299,93.2,100.0,0,41,45.4,25.1,8,27.0,0,0
Railway,198.7,188,94.7,94.0,1,23,66.1,51.5,7,26.9,0,0
Urban Infrastructure,121.8,106,59.9,45.3,2,23,91.1,74.0,21,43.3,0,0
Urban Infrastructure,1051.7,549,49.1,56.0,2,8,73.9,55.7,12,45.6,1,48
Urban Infrastructure,149.2,35,86.9,71.7,2,31,19.5,0.0,15,24.3,1,38
Highway,194.3,230,94.1,80.0,2,7,76.0,45.6,7,35.4,0,0
Highway,449.6,395,96.9,100.0,2,31,54.2,52.0,4,27.8,0,0
Irrigation,221.0,40,79.8,72.0,2,28,73.2,58.9,3,34.5,0,0
Highway,125.6,224,40.1,20.6,1,29,60.0,31.9,4,30.2,1,71
Industrial Corridor,179.8,32,77.8,82.1,1,28,45.8,38.8,4,34.1,1,43
Irrigation,874.3,397,80.9,75.8,1,36,61.6,72.2,7,35.4,1,19
Irrigation,414.5,196,92.0,67.9,0,26,54.2,58.8,8,30.7,0,0
Industrial Corridor,469.6,247,94.9,98.9,1,3,69.2,72.8,6,27.5,0,0
Industrial Corridor,339.7,175,86.6,72.2,3,24,45.3,43.2,5,37.5,0,0
Highway,379.8,125,62.6,69.7,0,9,40.5,42.7,3,24.5,0,0
Highway,208.7,173,55.5,49.8,2,5,77.6,53.2,21,19.7,0,0
Irrigation,311.1,404,80.5,66.2,1,8,85.2,80.4,2,8.9,0,0
Railway,43.8,36,59.3,85.0,0,11,74.6,46.7,17,30.7,1,96
Highway,528.1,479,95.6,95.1,2,29,50.0,58.0,6,33.6,0,0
Railway,207.2,129,44.7,30.7,1,15,48.2,44.5,6,7.0,0,0
Industrial Corridor,108.6,87,81.1,69.9,1,36,49.4,38.8,4,19.2,0,0
Industrial Corridor,323.5,306,77.1,76.4,2,10,80.8,59.6,10,34.3,0,0
Irrigation,245.7,277,68.7,76.2,3,16,46.5,20.3,4,24.4,1,97
Railway,516.0,253,57.2,40.4,1,11,80.7,79.8,7,26.6,1,88
Highway,273.0,123,39.0,35.5,1,2,75.7,51.8,9,36.0,1,83
Irrigation,176.8,24,63.5,47.9,1,19,87.8,100.0,1,24.8,0,0
Highway,277.7,575,63.8,50.5,0,88,84.3,62.2,5,30.2,1,136
Irrigation,690.6,1380,89.8,88.1,5,5,73.9,85.0,22,14.1,0,0
Irrigation,527.1,382,59.5,36.5,2,31,33.6,17.9,4,29.9,1,44
Highway,413.7,310,79.2,79.5,2,37,75.2,49.3,4,11.3,0,0
Highway,541.9,926,51.3,26.6,4,20,65.3,43.0,5,11.7,1,22
Highway,435.1,146,79.7,53.2,0,6,55.5,71.1,25,20.5,1,79
Urban Infrastructure,140.5,59,36.2,13.5,0,71,90.2,87.9,18,32.0,1,118
Irrigation,472.1,835,100.0,94.5,5,28,60.0,40.2,7,26.6,1,15
Highway,583.6,360,69.7,26.0,1,53,52.4,33.1,13,17.3,1,45
Urban Infrastructure,604.7,231,27.3,17.2,0,4,85.5,72.4,7,35.7,0,0
Railway,116.7,114,60.5,49.1,0,12,54.9,78.9,7,29.5,0,0
Railway,194.7,96,58.0,50.3,2,5,51.4,24.4,9,37.5,0,0
Urban Infrastructure,173.0,277,61.5,69.3,3,39,40.5,10.9,11,16.2,1,157
Highway,225.1,180,66.2,40.1,1,4,46.6,35.1,5,41.8,1,25
Highway,385.4,194,61.4,61.4,2,17,48.3,35.9,4,43.4,1,124
Irrigation,317.9,166,58.9,38.0,1,16,75.4,58.9,9,36.0,1,72
Highway,318.0,303,53.5,29.3,1,3,42.6,11.7,3,31.4,1,32
Irrigation,91.1,60,85.1,68.7,3,30,25.8,13.0,6,31.5,1,47
Highway,189.2,116,91.2,92.9,3,26,69.1,63.0,6,29.6,0,0
Highway,633.2,730,67.9,64.7,1,11,50.3,35.6,2,10.9,0,0
Highway,582.0,1003,71.7,100.0,0,53,62.7,53.9,4,19.4,0,0
Railway,269.7,286,54.0,47.6,1,3,88.6,79.6,7,24.9,0,0
Highway,472.9,221,73.1,53.9,3,2,64.4,81.9,1,14.7,0,0
Highway,362.4,133,75.7,71.0,1,21,93.2,76.4,12,41.8,0,0
Urban Infrastructure,507.1,565,68.5,68.8,2,8,61.6,35.0,3,31.5,1,15
Railway,486.5,516,78.3,74.5,0,18,83.1,58.8,10,45.6,1,15
Railway,285.3,167,76.9,51.9,3,43,52.1,28.8,5,34.7,1,129
Highway,415.4,279,55.1,47.9,0,5,65.2,57.0,20,10.6,0,0
Railway,378.6,184,91.1,57.1,1,40,44.3,33.1,7,40.4,1,36
Highway,290.7,108,68.7,68.7,1,6,46.7,19.8,1,21.0,1,29
Irrigation,248.1,127,98.8,87.8,1,13,58.5,36.5,11,41.0,1,16
Highway,800.3,86,78.7,76.8,1,46,36.4,5.1,5,42.6,1,44
Urban Infrastructure,290.9,417,100.0,63.0,0,30,66.2,67.3,16,40.9,1,30
Urban Infrastructure,454.0,135,90.8,80.3,0,9,56.9,58.1,28,37.8,1,39
Highway,762.3,559,75.6,37.8,0,24,67.7,63.7,4,30.8,0,0
Highway,415.0,64,60.4,58.3,1,12,36.7,41.8,4,25.9,0,0
Highway,402.8,419,60.8,31.4,4,14,77.0,87.8,6,46.7,1,81
Irrigation,292.1,357,80.5,70.8,0,16,97.0,81.0,15,29.0,1,38
Highway,383.2,296,74.3,54.6,1,27,92.7,77.7,3,21.8,0,0
Urban Infrastructure,233.2,165,62.6,71.7,0,20,100.0,87.3,3,30.9,0,0
Industrial Corridor,1283.8,621,85.3,72.4,2,16,63.8,49.5,3,38.6,1,153
Industrial Corridor,93.1,132,72.6,79.6,0,16,56.0,69.0,2,38.2,0,0
Irrigation,259.4,66,85.4,73.8,2,22,72.8,71.0,4,14.1,0,0
Urban Infrastructure,419.5,235,56.4,69.7,0,19,58.2,53.6,7,37.9,1,27
Highway,403.0,180,88.0,81.3,2,12,28.2,18.5,29,33.6,1,89
Railway,232.9,102,80.0,56.7,1,23,79.4,92.3,2,22.2,1,15
Railway,64.7,90,91.2,75.5,0,26,58.3,63.2,7,16.9,0,0
Urban Infrastructure,107.3,73,87.6,96.9,1,23,33.7,31.2,9,41.7,0,0
Irrigation,333.4,160,70.6,89.2,2,36,52.8,27.9,6,42.8,1,57
Industrial Corridor,46.9,42,69.4,54.4,0,11,58.8,45.9,8,43.3,0,0
Highway,439.1,374,100.0,69.9,2,10,63.2,38.9,5,11.6,0,0
Urban Infrastructure,613.4,742,67.4,72.9,0,48,63.5,56.3,4,23.7,1,15
Railway,490.8,468,84.0,46.6,2,9,90.4,81.4,5,26.6,0,0
Railway,554.7,389,65.9,58.0,2,15,37.2,20.7,13,42.5,0,0
Urban Infrastructure,48.9,36,42.2,61.6,0,2,60.0,53.7,10,34.9,0,0
Railway,239.7,58,52.4,66.3,0,6,45.4,45.8,6,23.5,0,0
Railway,131.6,122,78.5,59.7,1,13,88.1,100.0,2,27.8,0,0
Irrigation,75.7,31,83.2,73.4,0,12,51.8,51.8,2,33.9,0,0
Highway,204.2,172,78.5,49.7,2,15,56.1,34.6,5,34.2,0,0
Railway,750.6,1276,90.3,99.1,1,57,84.0,56.1,10,44.5,1,17
Highway,881.1,682,78.3,68.6,2,3,89.5,92.1,9,42.0,0,0
Highway,146.2,87,59.6,51.5,3,18,92.5,100.0,8,39.7,0,0
Urban Infrastructure,305.5,180,81.5,75.5,1,17,30.1,7.2,2,17.6,0,0
Irrigation,379.6,344,74.7,72.1,4,63,72.7,62.7,12,18.3,0,0
Railway,241.0,196,62.8,59.9,1,34,68.4,79.6,8,15.1,1,41
Railway,641.5,685,79.6,69.2,1,12,62.0,99.7,3,30.7,0,0
Railway,206.6,104,73.3,61.1,1,47,64.3,69.8,12,20.8,1,37
Irrigation,181.2,119,62.3,50.8,0,11,88.7,86.6,3,32.6,0,0
Urban Infrastructure,152.7,179,69.2,44.3,0,36,83.8,92.1,8,34.1,0,0
Urban Infrastructure,239.8,293,94.6,100.0,2,53,80.9,61.5,4,28.7,0,0
Railway,17.3,21,94.1,100.0,0,20,67.1,70.3,6,36.0,0,0
Railway,248.2,273,75.0,52.8,1,7,100.0,90.8,9,19.2,0,0
Railway,318.7,358,72.9,78.1,1,3,55.0,10.4,7,10.1,1,34
Irrigation,332.8,280,49.1,46.4,2,21,30.7,19.9,6,18.6,1,261
Railway,125.0,36,99.5,100.0,1,35,57.7,50.4,4,35.5,0,0
Irrigation,328.4,101,88.6,89.5,2,100,64.2,56.6,4,46.6,0,0
Irrigation,323.7,248,84.0,96.4,2,44,89.1,70.1,4,42.6,1,65
Railway,328.7,258,35.6,35.6,0,19,52.8,35.6,13,24.2,1,49
Railway,497.0,214,72.7,55.6,1,7,72.8,78.9,22,36.9,0,0
Railway,120.6,54,70.0,62.1,1,16,33.5,30.7,4,11.1,1,37
Highway,243.1,170,82.9,67.8,4,56,84.6,85.6,17,43.4,0,0
Highway,60.4,136,64.8,63.7,0,71,64.4,59.6,3,32.2,0,0
Industrial Corridor,467.4,178,68.3,47.7,0,11,57.4,21.0,8,35.1,0,0
Railway,137.2,79,81.9,81.0,1,15,100.0,81.7,3,5.4,0,0
Highway,547.3,662,59.6,81.1,6,50,84.4,76.6,14,31.6,0,0
Irrigation,559.7,608,62.8,50.4,2,48,42.2,14.5,12,46.8,1,214
Industrial Corridor,260.8,229,75.1,56.4,2,12,60.8,49.0,13,29.7,0,0
Highway,251.0,51,93.4,93.2,0,31,100.0,100.0,5,25.5,0,0
Industrial Corridor,85.7,54,84.9,60.1,0,12,100.0,66.0,4,23.7,0,0
Urban Infrastructure,298.6,570,89.2,93.1,2,41,81.5,74.8,13,18.6,0,0
Irrigation,494.2,217,73.0,55.6,2,19,26.1,50.9,6,27.5,1,374
Irrigation,357.2,153,95.9,63.5,2,14,89.6,100.0,6,13.2,0,0
Highway,690.9,1146,44.1,35.6,5,33,50.3,24.4,5,31.5,1,122
Urban Infrastructure,222.6,155,100.0,95.2,2,20,89.5,100.0,6,38.8,0,0
Railway,222.4,48,100.0,93.5,2,33,48.5,19.3,13,21.8,0,0
Urban Infrastructure,145.0,51,79.3,48.5,0,7,72.8,62.6,4,30.8,1,76
Irrigation,984.2,501,85.3,71.7,0,9,50.2,30.5,4,25.8,0,0
Highway,85.0,73,71.4,33.4,1,17,55.7,50.6,4,30.9,1,40
Highway,471.2,307,68.6,56.7,4,10,75.4,58.5,6,36.6,1,61
Irrigation,500.9,208,62.2,63.4,1,13,36.6,22.9,14,31.1,1,95
Irrigation,487.1,320,71.2,71.4,1,18,100.0,91.6,4,36.0,0,0
Highway,155.1,68,80.9,72.0,0,11,42.5,49.5,4,32.3,1,25
Industrial Corridor,260.7,514,78.7,99.3,5,55,41.3,26.9,17,36.0,1,87
Urban Infrastructure,427.6,144,100.0,98.6,0,9,75.5,93.8,4,30.0,0,0
Railway,183.8,101,73.6,71.9,1,17,88.8,65.8,7,30.2,0,0
Railway,234.8,118,48.2,36.8,2,17,56.5,44.5,19,34.2,0,0
Highway,186.3,95,98.3,63.1,1,21,41.6,25.6,6,25.8,1,29
Industrial Corridor,313.1,113,52.5,43.7,4,14,44.6,74.9,23,31.5,1,37
Railway,298.9,474,63.0,81.9,0,36,42.4,50.3,4,16.7,1,83
Urban Infrastructure,769.7,1802,76.3,81.1,2,37,69.2,67.8,22,6.6,1,60
Railway,433.8,398,78.7,67.0,1,11,61.6,42.5,6,27.6,1,15
Irrigation,103.9,90,48.9,39.6,0,39,71.5,76.6,1,17.8,1,45
Highway,111.4,27,60.1,29.4,3,11,70.3,23.1,1,47.8,1,69
Highway,476.7,746,48.3,26.9,1,17,79.5,74.4,5,17.7,1,59
Industrial Corridor,296.6,130,81.9,60.9,1,19,54.8,61.0,8,34.9,1,47
Railway,947.8,214,90.9,85.9,2,10,48.2,42.0,6,18.7,0,0
Irrigation,946.1,960,52.5,29.1,3,4,66.1,71.4,15,26.2,1,315
Urban Infrastructure,144.3,192,87.9,92.4,1,20,61.9,70.7,9,14.2,0,0
Urban Infrastructure,361.0,562,86.9,65.3,2,7,68.1,43.9,6,13.2,1,29
Urban Infrastructure,112.6,63,61.5,57.5,3,52,48.8,32.1,7,29.6,0,0
Highway,471.4,243,40.3,52.6,3,12,75.8,59.1,5,22.1,1,98
Irrigation,839.7,697,54.9,38.6,3,32,39.4,11.2,9,34.6,1,372
Urban Infrastructure,327.3,213,62.5,34.9,2,31,54.2,37.9,4,40.2,1,92
Railway,216.8,222,96.7,94.4,2,10,85.6,92.6,9,8.9,0,0
Highway,386.4,323,70.1,40.2,1,13,40.4,20.8,6,38.0,0,0
Industrial Corridor,536.2,223,55.9,71.1,2,13,84.0,91.9,5,15.4,0,0
Railway,538.5,854,74.4,83.2,1,23,34.8,33.0,14,22.3,1,171
Irrigation,218.6,225,51.3,45.4,1,90,31.3,23.0,19,10.6,1,99
Urban Infrastructure,180.2,237,80.2,77.4,0,22,33.1,26.3,8,10.9,0,0
Irrigation,347.8,146,56.4,57.7,1,12,65.3,83.2,5,4.6,0,0
Railway,229.6,232,58.7,48.8,0,23,77.6,83.1,5,21.6,0,0
Railway,641.6,754,78.0,77.4,3,7,88.9,80.2,5,26.7,1,15
Railway,227.6,186,100.0,97.0,1,9,87.3,87.5,1,21.9,0,0
Highway,311.0,112,100.0,88.1,1,52,80.3,54.4,10,6.3,0,0
Industrial Corridor,379.9,293,55.4,56.7,1,15,46.4,17.9,8,4.5,1,67
Industrial Corridor,87.8,98,62.5,56.0,0,9,46.2,54.0,7,26.1,0,0
Highway,192.2,263,80.2,81.2,4,6,78.8,68.9,12,34.7,0,0
Highway,921.7,241,90.7,99.6,0,18,91.4,58.7,3,28.7,1,51
Urban Infrastructure,521.5,420,37.4,18.7,2,6,42.4,35.4,1,46.5,1,38
Highway,225.3,69,73.4,41.5,1,41,88.9,86.0,5,25.6,1,27
Irrigation,472.7,530,64.2,41.3,1,31,24.6,2.7,11,29.5,1,48
Railway,634.9,819,41.2,28.6,2,11,70.8,65.9,8,25.8,1,32
Irrigation,251.9,100,50.6,51.6,0,60,60.9,32.8,6,17.4,0,0
Highway,505.4,176,62.9,58.9,2,13,58.9,58.8,19,24.2,1,88
Irrigation,459.6,230,72.9,50.1,2,15,63.6,61.7,15,35.2,0,0
Railway,114.3,76,88.1,100.0,1,10,45.9,25.0,11,35.7,0,0
Irrigation,253.0,116,77.7,74.8,0,29,71.9,61.4,6,29.9,0,0
Highway,782.5,922,87.2,68.9,3,7,64.2,53.6,31,43.4,0,0
Railway,905.3,1242,72.4,80.3,1,12,81.7,100.0,3,31.0,0,0
Irrigation,524.3,412,60.7,46.8,0,10,94.8,91.1,13,29.6,1,75
Highway,187.2,88,69.1,55.8,3,22,65.5,43.5,14,42.5,1,120
Highway,34.4,22,83.1,95.5,0,5,46.6,49.4,5,18.1,0,0
Highway,168.0,132,88.5,79.3,1,16,40.2,20.7,16,41.7,1,29
Railway,101.1,64,69.6,70.2,0,41,97.0,84.0,3,15.3,0,0
Highway,819.2,574,57.1,43.3,2,6,94.4,88.4,9,23.1,0,0
Urban Infrastructure,58.9,77,77.4,60.0,1,30,80.7,51.3,13,5.8,0,0
Railway,117.0,53,79.6,66.0,1,34,64.2,60.3,9,28.8,0,0
Industrial Corridor,342.9,707,91.7,82.7,6,16,79.3,74.4,2,40.6,1,56
Urban Infrastructure,295.1,236,61.1,49.1,0,2,89.1,83.3,13,15.7,0,0
Highway,758.2,465,61.3,69.8,3,29,50.6,40.4,15,22.9,1,23
Irrigation,440.9,195,84.1,76.5,3,40,63.6,43.1,8,23.6,1,21
Urban Infrastructure,266.5,124,65.5,68.7,1,57,40.9,54.0,2,23.6,0,0
Irrigation,649.2,482,64.8,42.4,3,19,60.4,38.4,8,14.5,1,508
Railway,220.6,176,92.1,74.5,3,3,93.9,83.9,5,26.4,0,0
Railway,797.4,478,50.1,32.6,4,29,84.6,67.3,7,43.3,1,196
Highway,150.3,46,100.0,68.0,2,4,65.7,20.8,11,20.5,0,0
Irrigation,287.5,213,62.2,58.8,1,26,9.1,7.8,3,28.5,1,36
Urban Infrastructure,40.8,19,85.9,85.6,0,32,49.9,59.3,17,28.4,0,0
Urban Infrastructure,542.1,116,70.3,67.3,0,42,65.0,53.1,6,21.6,1,18
Highway,329.6,346,76.3,90.7,7,12,58.7,44.4,8,29.1,0,0
Industrial Corridor,798.8,191,67.8,81.1,1,8,63.7,41.6,5,21.8,0,0
Highway,246.3,144,85.7,69.0,0,19,67.9,67.0,11,30.6,0,0
Urban Infrastructure,86.7,60,66.4,77.9,0,5,52.3,55.8,17,25.2,1,28
Highway,403.9,596,62.8,69.8,2,13,62.8,76.8,4,10.5,1,80
Urban Infrastructure,196.6,44,100.0,93.4,2,10,60.0,71.5,10,6.2,0,0
Industrial Corridor,492.3,548,72.5,70.3,2,37,48.9,46.1,4,2.5,1,15
Highway,152.9,186,61.2,40.8,4,49,99.9,92.6,11,21.5,0,0
Highway,710.0,1226,48.2,39.4,3,27,53.5,13.5,7,35.1,1,182
Industrial Corridor,310.8,418,100.0,100.0,5,34,17.9,34.3,12,18.0,1,54
Highway,267.3,188,63.2,41.6,1,20,98.7,84.7,9,23.3,0,0
Irrigation,680.1,777,100.0,81.8,3,18,46.1,48.0,24,18.8,0,0
Urban Infrastructure,547.3,830,78.4,90.2,0,4,81.0,68.7,5,16.8,0,0
Irrigation,170.4,31,74.3,62.8,1,24,49.4,48.7,3,50.2,0,0
Railway,537.1,162,74.7,76.7,1,32,74.4,49.9,5,17.2,0,0
Railway,466.8,394,100.0,100.0,3,15,62.0,37.6,5,11.1,0,0
Highway,278.3,336,36.9,5.0,0,15,83.0,75.7,7,16.2,0,0
Urban Infrastructure,509.1,523,75.4,65.7,1,2,58.7,28.1,5,26.8,0,0
Highway,708.0,630,67.8,62.8,4,15,49.9,29.5,8,19.7,1,48
Highway,284.2,487,68.6,59.4,2,37,68.1,38.2,2,29.1,1,51
Highway,284.9,171,74.4,54.2,4,23,55.4,47.0,5,18.0,0,0
Urban Infrastructure,273.9,126,67.7,69.5,3,17,24.4,1.1,5,19.5,1,60
Highway,164.9,87,75.0,74.4,1,6,51.0,53.5,12,18.2,0,0
Urban Infrastructure,282.1,241,71.6,54.4,0,12,100.0,100.0,4,25.0,0,0
Industrial Corridor,260.0,179,51.0,64.2,3,10,26.6,0.0,3,33.8,1,62
Industrial Corridor,249.1,310,78.1,56.2,2,7,67.8,75.1,7,35.0,0,0
Urban Infrastructure,246.4,117,83.5,98.0,3,23,58.1,55.6,12,41.5,0,0
Industrial Corridor,116.7,107,63.3,58.7,0,12,99.7,100.0,1,11.6,0,0
Urban Infrastructure,583.2,667,100.0,100.0,4,34,40.8,44.5,11,14.6,0,0
Highway,192.0,291,93.4,100.0,0,17,65.0,70.9,10,15.9,0,0
Industrial Corridor,733.4,249,85.5,59.3,3,62,76.7,77.8,7,26.0,0,0
Irrigation,139.0,73,85.3,62.7,2,12,59.4,45.9,8,14.2,0,0
Irrigation,840.4,552,72.5,48.4,3,41,47.6,30.5,13,18.4,1,64
Urban Infrastructure,228.7,63,90.3,100.0,0,47,62.6,68.7,5,33.5,0,0
Urban Infrastructure,541.3,479,97.1,100.0,2,11,56.8,59.6,2,37.8,0,0
Industrial Corridor,327.4,287,84.9,72.1,0,16,56.8,31.5,10,33.6,0,0
Railway,103.2,86,62.9,44.9,1,13,81.6,47.0,10,29.5,1,35
Railway,108.1,68,71.4,74.6,1,11,71.1,43.3,1,18.7,1,87
Railway,179.7,256,81.2,81.3,2,28,74.0,89.7,18,26.2,1,19
Railway,219.1,117,85.4,93.2,0,30,69.6,42.8,9,38.5,0,0
Railway,290.7,392,70.8,39.6,1,10,82.2,45.4,4,33.3,0,0
Highway,377.4,198,62.9,61.5,2,10,89.1,100.0,10,35.7,1,29
Highway,264.1,88,97.3,88.9,1,18,57.3,32.1,9,36.5,0,0
Industrial Corridor,363.7,257,54.8,45.6,3,17,79.4,67.0,5,22.4,1,30
Railway,405.1,319,56.9,33.4,3,4,37.1,33.0,8,33.0,1,168
Urban Infrastructure,255.6,237,50.8,56.1,2,29,17.9,7.3,8,21.8,1,68
Irrigation,461.7,65,56.9,32.5,2,3,99.5,83.9,7,32.5,1,94
Highway,531.1,314,92.0,100.0,0,9,56.3,29.9,7,39.5,0,0
Highway,412.1,815,92.5,68.2,1,20,68.0,42.4,9,43.1,0,0
Highway,427.9,214,70.8,86.8,1,28,38.5,52.1,8,32.5,1,61
Urban Infrastructure,341.8,415,79.9,73.4,0,8,37.6,38.3,5,30.3,0,0
Highway,616.3,1899,71.8,41.0,3,16,48.7,38.3,3,41.3,1,97
Railway,295.5,645,52.9,35.1,1,12,75.9,43.3,8,16.5,1,60
Urban Infrastructure,182.3,67,100.0,86.1,0,1,52.7,84.6,11,41.9,0,0
Urban Infrastructure,301.7,349,94.0,100.0,3,13,56.3,56.5,8,27.4,0,0
Highway,104.8,126,77.7,80.0,0,7,48.1,62.0,5,27.5,0,0
Highway,93.9,99,58.3,31.5,1,17,86.3,97.8,2,21.0,1,97
Highway,532.8,175,68.4,53.8,1,6,80.4,56.6,18,13.1,0,0
Highway,740.9,615,60.9,40.4,2,12,53.3,52.3,9,42.2,1,127
Highway,234.0,193,73.6,64.6,2,16,76.7,100.0,9,30.4,0,0
Irrigation,536.1,159,77.0,72.9,2,18,58.1,51.5,5,21.9,1,111
Urban Infrastructure,51.9,32,66.5,47.8,2,14,56.2,16.7,2,29.9,1,46
Irrigation,412.9,352,48.7,37.1,3,40,62.0,80.1,5,22.3,0,0
Irrigation,296.3,206,100.0,94.4,2,21,75.9,58.9,17,7.2,0,0
Highway,818.1,898,75.8,87.6,1,27,45.2,12.7,3,24.0,0,0
Industrial Corridor,267.5,161,79.3,57.9,3,16,73.0,64.7,1,10.5,0,0
Irrigation,130.6,102,65.2,51.0,1,5,100.0,62.1,18,28.6,0,0
Urban Infrastructure,82.5,104,47.0,47.5,5,5,66.7,67.6,4,43.4,1,55
Urban Infrastructure,301.6,557,70.7,46.2,4,14,63.7,33.0,6,18.9,0,0
Railway,341.4,110,66.8,55.4,0,46,61.3,34.2,9,34.7,1,56
Highway,255.8,275,83.4,71.7,1,20,72.6,64.1,22,19.0,1,15
Highway,543.9,296,86.5,66.1,1,33,30.8,44.1,16,25.8,0,0
Railway,690.7,646,84.2,66.8,1,8,97.0,100.0,7,16.3,0,0
Urban Infrastructure,232.1,71,87.8,75.7,2,18,82.6,100.0,5,32.8,0,0
Railway,62.0,89,100.0,94.6,1,40,50.1,32.2,3,40.8,1,15
Industrial Corridor,365.2,161,78.2,42.4,3,34,63.6,47.5,9,28.1,1,76
Irrigation,624.2,794,89.6,91.9,4,10,51.9,41.7,8,31.9,0,0
Highway,232.9,78,79.9,61.5,4,16,69.0,61.8,2,31.9,0,0
Railway,427.9,113,41.6,34.8,0,35,64.2,34.8,6,23.3,1,149
Irrigation,122.7,79,69.5,55.1,2,10,67.6,54.1,8,40.4,1,85
Irrigation,359.1,300,58.1,32.8,1,15,42.4,41.7,10,20.3,1,15
Railway,433.1,993,75.7,72.1,3,2,53.4,42.2,3,8.7,0,0
Highway,366.1,301,59.3,42.9,1,31,85.9,46.2,8,15.9,0,0
Industrial Corridor,954.7,351,81.7,70.0,2,30,52.3,34.0,3,32.8,1,30
Highway,735.3,851,87.7,88.7,2,3,10.1,6.9,9,21.7,1,114
Urban Infrastructure,480.1,756,91.3,65.7,2,15,60.0,51.7,6,27.0,0,0
Highway,586.9,249,97.9,79.9,0,37,100.0,84.0,23,23.4,1,105
Highway,357.4,445,45.2,43.3,3,6,80.0,77.3,4,28.0,1,38
Railway,287.2,421,52.8,29.3,1,22,51.3,49.9,5,38.0,1,45
Railway,214.8,252,100.0,100.0,4,12,62.0,53.2,2,42.8,0,0
Railway,120.5,58,88.2,80.6,1,37,76.6,44.8,7,15.3,0,0
Railway,756.9,636,75.6,73.6,1,2,27.9,7.0,6,36.3,1,222
Urban Infrastructure,978.1,914,72.5,54.0,5,2,45.9,43.0,7,28.2,1,130
Railway,306.7,434,71.1,69.8,5,10,71.0,49.0,7,12.5,0,0
Railway,310.4,157,41.1,22.5,1,18,94.9,85.8,23,31.4,0,0
Railway,445.1,563,59.6,43.3,3,18,54.2,40.0,10,46.3,1,37
Highway,268.4,182,70.2,67.5,0,3,94.3,81.5,12,17.9,0,0
Irrigation,133.7,79,60.5,26.9,1,24,47.9,70.6,8,23.5,1,78
Highway,102.0,78,62.6,65.0,0,28,0.0,36.7,8,8.3,1,40
Irrigation,956.6,115,100.0,100.0,0,18,77.9,65.5,7,24.7,0,0
Highway,70.9,11,68.0,48.0,3,37,73.8,77.6,8,27.8,0,0
Urban Infrastructure,375.6,73,76.4,98.5,2,26,77.7,93.3,5,47.7,0,0
Railway,80.0,77,75.9,47.0,2,12,76.9,80.2,11,15.7,1,20
Urban Infrastructure,278.0,176,81.4,72.0,2,46,66.8,43.9,24,36.6,0,0
Railway,231.2,112,64.4,76.4,2,51,57.8,43.4,8,29.3,1,275
Highway,92.3,67,92.0,97.3,1,22,58.6,38.0,4,50.6,0,0
Industrial Corridor,455.5,583,79.1,94.0,5,8,53.8,38.0,13,27.9,0,0
Irrigation,126.1,89,51.4,38.0,0,36,55.0,59.8,18,25.4,1,34
Industrial Corridor,81.6,29,70.3,80.9,1,5,26.8,6.2,5,35.3,1,168
Railway,488.9,1222,69.2,54.2,0,8,38.7,20.9,3,31.4,1,160
Irrigation,232.0,173,68.5,64.8,3,33,59.7,52.5,11,36.3,1,45
Urban Infrastructure,167.0,246,80.1,78.8,0,7,18.2,8.3,8,32.2,0,0
Irrigation,508.7,600,82.2,67.1,3,43,22.8,1.9,10,9.8,1,76
Railway,120.7,69,80.3,63.6,1,8,56.3,58.5,7,31.7,1,26
Irrigation,63.6,117,77.4,53.4,1,14,60.4,35.1,6,31.5,1,133
Irrigation,661.5,338,73.4,74.3,3,13,56.7,39.2,4,17.9,0,0
Urban Infrastructure,873.7,829,37.6,30.0,2,28,15.4,6.4,9,29.2,1,167
Railway,272.7,239,84.4,85.3,2,27,94.0,62.0,3,5.8,0,0
Railway,11.8,11,79.8,69.5,0,12,34.3,44.7,11,28.8,1,135
Industrial Corridor,270.1,449,56.2,59.1,1,25,46.6,44.5,11,33.5,1,70
Railway,527.9,400,76.5,74.4,3,20,37.8,39.0,9,36.6,0,0
Industrial Corridor,619.5,523,82.4,80.3,5,29,89.0,74.6,15,33.7,0,0
Railway,132.5,115,90.7,78.6,0,26,71.4,44.7,6,16.3,0,0
Highway,240.5,538,80.2,72.2,1,8,53.5,59.2,6,9.9,1,31
Industrial Corridor,355.8,501,77.1,62.0,2,43,52.1,0.0,5,36.4,1,22
Highway,508.1,129,87.1,80.6,2,3,66.6,67.5,8,30.5,0,0
Highway,473.2,248,67.1,67.2,2,14,38.1,23.7,7,31.4,1,52
Irrigation,424.2,335,78.6,67.9,1,25,70.6,61.6,5,44.5,1,279
Industrial Corridor,618.5,1015,62.1,66.9,6,17,52.0,42.3,6,8.3,1,127
Urban Infrastructure,286.9,497,89.8,73.8,4,15,73.4,76.3,9,45.8,0,0
Highway,761.3,556,46.2,42.2,6,13,72.7,47.7,14,19.8,1,86
Highway,197.0,101,85.1,74.2,0,12,51.1,54.9,5,35.1,0,0
Urban Infrastructure,478.2,320,72.3,61.2,1,40,21.9,39.4,1,25.9,1,253
Highway,219.1,177,87.4,57.0,1,16,58.1,65.9,11,22.2,0,0
Highway,275.6,177,59.5,46.2,3,16,34.0,3.3,4,9.4,1,114
Highway,307.3,459,73.4,64.4,3,9,64.6,36.8,14,18.6,0,0
Irrigation,209.9,127,73.0,74.7,1,27,57.9,79.0,12,31.1,1,28
Urban Infrastructure,635.9,272,78.9,59.7,1,5,51.2,30.0,12,29.9,1,113
Industrial Corridor,227.1,150,55.2,51.0,1,57,37.1,57.8,7,36.5,1,33
Industrial Corridor,296.3,268,82.2,95.6,2,8,86.7,78.1,14,18.4,0,0
Highway,441.7,666,42.5,37.2,5,15,53.9,63.0,9,34.2,1,133
Railway,1218.8,495,61.3,50.6,0,23,100.0,77.6,9,26.7,0,0
Railway,452.5,410,47.0,50.5,2,34,63.7,46.4,8,33.0,0,0
Highway,314.9,291,85.3,79.0,1,13,70.0,46.3,10,31.6,0,0
Highway,53.4,55,78.4,71.4,1,11,63.8,59.2,2,20.8,0,0
Highway,270.3,163,79.3,72.1,3,19,69.8,63.7,5,28.8,1,127
Highway,182.6,185,95.6,70.3,1,10,84.9,98.4,5,31.1,0,0
Irrigation,238.1,277,66.9,77.3,1,14,85.1,91.6,7,34.7,0,0
Industrial Corridor,215.7,129,81.8,45.3,0,47,27.7,4.5,3,42.6,1,15
Highway,438.8,370,73.1,65.6,1,8,80.1,65.6,5,19.0,0,0
Railway,266.2,182,70.6,54.5,0,2,72.9,62.3,3,13.2,1,35
Industrial Corridor,150.3,70,92.9,83.1,0,9,63.7,35.8,4,40.2,0,0
Industrial Corridor,542.3,169,100.0,100.0,1,5,97.3,100.0,4,11.9,0,0
Industrial Corridor,110.2,56,65.1,71.9,0,26,98.1,78.3,4,37.4,0,0
Railway,304.9,163,85.3,84.6,3,11,81.1,89.8,12,16.0,0,0
Industrial Corridor,271.7,84,77.1,55.2,1,37,52.1,20.9,7,19.1,1,63
Highway,383.0,374,77.3,88.7,3,14,39.2,22.0,6,25.1,1,136
Railway,622.6,753,76.0,80.0,3,5,78.1,54.6,15,10.0,0,0
Highway,1335.1,900,66.7,56.4,3,34,90.2,91.7,9,15.3,1,133
Railway,314.8,232,14.6,5.0,0,8,22.4,0.0,9,7.6,1,97
Railway,180.3,100,96.6,82.4,1,2,84.7,45.7,8,33.4,0,0
Highway,167.1,119,60.9,66.7,1,22,57.9,42.4,12,25.9,0,0
Industrial Corridor,166.5,170,68.1,82.5,2,9,26.8,0.2,13,26.2,1,117
Highway,373.6,339,68.5,53.0,1,24,72.4,67.9,9,25.3,1,124
Highway,41.6,29,59.5,31.4,0,30,81.2,91.2,12,25.8,1,71
Highway,104.6,56,75.8,72.6,1,20,56.0,35.1,10,20.7,1,15
Railway,373.8,431,71.3,79.3,1,10,41.9,46.7,9,36.5,1,56
Highway,560.0,319,60.5,58.5,1,35,97.2,68.5,6,6.6,0,0
Railway,562.1,183,74.4,60.9,3,7,49.6,24.9,4,10.1,1,37
Highway,325.2,265,71.5,66.8,3,24,86.2,73.7,2,40.9,0,0
Industrial Corridor,513.8,113,86.8,59.1,0,27,32.7,21.0,18,28.9,0,0
Urban Infrastructure,629.6,558,50.6,29.7,4,18,71.3,47.5,12,3.7,0,0
Railway,224.6,208,59.1,48.5,1,30,70.8,57.7,5,29.5,1,45
Irrigation,588.9,299,83.6,100.0,2,20,80.5,77.6,2,8.5,0,0
Urban Infrastructure,75.6,42,61.8,63.5,1,23,92.9,100.0,10,40.3,0,0
Urban Infrastructure,102.0,127,57.5,57.2,1,30,46.7,23.3,6,36.1,1,152
Irrigation,234.7,497,62.6,65.1,1,20,73.4,58.9,12,49.1,0,0
Urban Infrastructure,66.7,51,70.4,59.7,1,32,35.7,0.0,4,22.7,1,65
Urban Infrastructure,443.6,71,70.4,59.4,3,42,35.4,27.8,5,12.6,0,0
Industrial Corridor,200.2,103,68.6,84.0,0,24,51.4,37.9,6,20.1,0,0
Railway,273.8,254,55.5,36.2,2,30,71.2,57.3,11,20.3,1,98
Highway,281.1,194,84.4,76.2,2,18,96.5,77.7,5,30.2,0,0
Highway,230.3,206,93.2,80.2,3,42,100.0,100.0,10,5.9,0,0
Railway,165.7,135,41.4,23.0,3,22,55.9,48.1,2,25.9,1,36
Railway,429.5,356,47.1,49.8,2,29,69.1,47.7,7,14.8,1,70
Railway,197.0,33,88.0,62.4,1,5,81.9,77.9,16,20.4,0,0
Irrigation,278.5,154,97.1,91.1,1,27,78.3,57.4,20,41.2,0,0
Irrigation,385.6,201,37.9,8.7,1,19,59.6,49.1,14,37.0,1,67
Industrial Corridor,626.3,323,85.0,89.5,1,26,64.5,49.5,2,34.0,0,0
Highway,594.8,632,98.2,70.1,1,28,60.8,34.5,6,33.0,1,42
Highway,210.6,73,58.2,62.9,2,30,58.8,53.2,7,23.1,0,0
Industrial Corridor,158.9,27,97.3,53.6,0,27,56.2,69.0,13,25.5,0,0
Industrial Corridor,708.9,360,69.2,74.5,1,15,60.6,55.6,8,8.7,0,0
Urban Infrastructure,196.2,87,77.0,54.2,2,53,54.9,58.3,4,12.4,1,28
Urban Infrastructure,418.0,319,60.5,57.6,1,37,40.3,63.2,14,27.4,1,28
Urban Infrastructure,63.2,28,88.0,70.0,1,16,80.3,72.9,19,13.7,0,0
Highway,40.4,26,85.4,78.0,1,15,73.3,61.3,11,33.6,1,236
Railway,314.5,182,99.6,100.0,2,7,100.0,75.7,4,25.5,0,0
Highway,251.9,369,95.0,100.0,2,9,70.4,78.5,21,22.7,0,0
Irrigation,491.2,221,71.9,28.8,4,16,54.7,44.4,12,19.3,1,60
Urban Infrastructure,167.2,172,100.0,91.0,2,41,50.5,24.6,11,31.0,0,0
Railway,366.1,258,93.6,100.0,3,14,63.9,63.5,18,33.5,0,0
Irrigation,474.0,598,80.6,68.4,1,6,74.1,57.1,12,16.3,0,0
Highway,172.6,296,56.0,38.3,3,26,58.1,25.1,7,20.2,0,0
Highway,234.5,164,47.5,49.5,3,27,33.6,52.5,17,23.9,1,46
Highway,120.1,27,48.9,50.8,0,14,48.2,35.1,4,29.5,0,0
Highway,502.9,175,57.1,49.4,1,38,63.4,37.0,4,29.4,0,0
Urban Infrastructure,433.2,127,94.0,69.2,1,39,77.8,74.1,5,24.9,0,0
Railway,454.9,252,79.8,70.4,2,3,33.3,3.5,8,33.8,0,0
Industrial Corridor,251.2,126,62.2,33.7,1,27,68.3,49.8,9,24.5,1,197
Irrigation,428.2,360,69.8,46.0,4,1,67.4,31.9,6,10.6,1,67
Highway,267.7,323,67.9,63.1,0,16,54.0,36.3,7,40.7,1,77
Highway,786.2,164,84.8,98.8,2,70,51.3,14.5,9,36.8,1,220
Industrial Corridor,297.0,219,57.9,53.1,1,26,48.3,34.8,4,10.9,1,59
Highway,572.7,262,77.6,62.2,0,10,65.8,77.3,10,28.0,0,0
Urban Infrastructure,252.2,190,76.8,68.0,2,28,85.5,86.0,1,40.3,1,64
Highway,683.1,380,58.4,41.5,5,9,87.0,62.7,7,22.7,0,0
Irrigation,158.6,173,97.4,77.3,2,22,40.5,16.5,5,34.5,1,15
Industrial Corridor,398.0,145,67.3,51.9,0,8,59.3,55.0,21,38.2,0,0
Highway,184.1,88,56.1,52.0,0,13,19.1,0.0,6,29.0,1,45
Highway,355.4,238,85.6,70.3,2,37,65.2,61.5,8,49.6,1,15
Urban Infrastructure,196.9,117,72.9,33.6,2,52,75.0,59.1,6,33.1,0,0
Highway,296.2,198,78.5,91.4,1,22,94.4,78.9,3,27.1,0,0
Railway,219.1,54,53.0,38.2,0,31,27.3,38.3,3,24.2,1,21
Railway,463.0,728,85.0,51.4,2,11,41.2,33.9,3,25.5,1,54
Highway,409.2,217,100.0,100.0,1,7,65.9,21.2,7,19.8,0,0
Industrial Corridor,179.1,68,51.8,29.8,2,20,30.6,35.4,6,13.8,1,102
Industrial Corridor,175.2,119,77.7,53.8,2,19,66.4,48.0,2,16.1,1,68
Railway,147.8,110,59.4,72.1,1,73,75.5,83.8,19,24.4,0,0
Industrial Corridor,125.1,245,100.0,82.0,1,15,37.4,42.4,11,34.8,0,0
Highway,483.7,637,91.8,87.6,4,15,65.7,77.9,8,29.6,1,34
Highway,141.1,83,76.5,69.3,1,26,38.8,15.7,1,27.9,0,0
Irrigation,376.0,663,52.4,48.9,3,11,90.5,94.6,9,49.3,1,36
Urban Infrastructure,205.3,323,56.2,29.8,1,9,67.1,39.1,8,44.5,1,86
Highway,562.0,215,83.9,77.5,2,24,50.2,49.2,12,16.0,0,0
Highway,907.5,2004,50.2,48.7,6,4,38.2,27.3,4,33.7,1,147
Railway,11.0,6,50.7,48.9,1,25,70.8,55.6,5,12.9,0,0
Industrial Corridor,157.0,125,72.1,68.9,1,12,90.2,100.0,8,28.9,0,0
Highway,202.7,292,74.1,81.2,0,30,47.6,35.5,5,10.9,0,0
Railway,257.6,54,78.1,76.7,2,43,54.2,40.0,9,19.3,0,0
Industrial Corridor,246.2,164,65.0,55.4,0,9,48.0,21.9,3,32.9,1,25
Railway,100.7,87,86.7,73.0,2,15,94.1,99.5,7,21.0,0,0
Highway,919.1,1185,58.2,33.3,6,36,24.8,28.1,4,14.1,1,135
Highway,252.8,182,82.0,70.6,1,22,88.7,69.8,12,18.4,0,0
Railway,408.0,86,75.4,74.0,1,53,55.5,25.3,22,15.6,1,81
Railway,416.5,811,81.6,87.8,2,22,61.6,61.5,19,30.5,0,0
Urban Infrastructure,81.3,60,90.9,78.8,1,41,56.2,65.7,2,39.2,0,0
Irrigation,228.5,202,64.7,58.3,1,6,67.8,63.6,10,23.8,0,0
Irrigation,483.7,129,61.4,54.6,3,9,48.4,54.6,4,37.3,1,410
Urban Infrastructure,711.1,1092,45.0,33.3,1,48,84.2,69.2,3,19.7,1,97
Railway,232.1,126,39.7,24.4,1,8,85.0,92.2,10,24.9,1,62
Railway,95.8,44,69.2,57.4,0,48,43.3,19.7,3,45.6,0,0
Urban Infrastructure,189.8,256,70.3,64.7,2,10,76.3,64.1,14,24.0,0,0
Highway,224.8,65,54.6,57.8,1,5,55.9,31.8,10,37.8,1,89
Industrial Corridor,218.5,195,58.1,58.7,1,15,64.0,91.3,12,18.1,0,0
Industrial Corridor,147.9,67,96.4,76.5,1,6,93.5,100.0,8,25.8,0,0
Highway,86.8,83,86.0,83.9,1,28,49.5,21.1,3,16.6,0,0
Railway,119.1,131,51.8,62.6,2,1,81.5,83.3,6,26.7,0,0
Highway,191.1,101,64.9,40.7,2,61,72.1,85.1,16,28.6,1,40
Highway,478.4,711,78.5,83.7,5,19,59.1,53.1,7,34.3,0,0
Railway,601.7,443,62.0,53.5,1,29,70.3,57.7,6,19.6,1,132
Highway,319.5,627,59.1,44.2,0,32,68.0,61.4,17,24.2,1,97
Industrial Corridor,122.0,165,66.6,58.6,0,21,39.8,23.8,8,39.1,0,0
Urban Infrastructure,199.6,157,89.5,100.0,1,25,50.9,36.9,15,12.7,0,0
Industrial Corridor,42.5,33,90.9,77.4,1,13,42.1,28.9,7,2.0,0,0
Highway,719.8,222,60.2,33.6,2,31,57.5,28.3,4,18.8,1,15
Highway,176.4,237,79.4,60.4,2,54,89.9,81.1,1,32.7,0,0
Highway,385.2,191,71.9,93.6,0,13,74.6,66.3,7,26.9,0,0
Highway,574.7,481,55.9,18.1,3,34,34.3,13.3,8,15.5,1,232
Urban Infrastructure,848.0,1657,67.2,77.8,5,39,57.5,40.2,14,26.8,0,0
Railway,513.5,755,51.8,58.9,1,12,67.7,72.2,1,22.0,0,0
Highway,217.5,87,90.6,71.7,1,18,77.9,70.3,10,8.8,0,0
Industrial Corridor,420.7,311,96.8,82.5,3,17,50.0,34.4,7,22.3,1,55
Railway,828.3,735,65.4,56.3,3,15,38.3,38.1,6,34.2,1,118
Highway,175.1,275,61.6,61.6,1,10,61.9,61.0,21,22.9,1,73
Highway,82.8,119,88.9,62.3,0,18,74.4,86.3,10,9.4,0,0
Irrigation,148.9,152,91.5,84.1,1,15,67.7,100.0,17,45.0,0,0
Industrial Corridor,402.0,389,54.2,68.1,0,44,45.3,41.9,4,15.1,1,105
Highway,221.7,162,69.6,44.3,1,22,98.1,87.2,6,30.1,0,0
Urban Infrastructure,276.8,241,71.1,60.0,1,11,61.0,68.4,14,35.2,1,56
Urban Infrastructure,448.2,283,59.7,36.1,0,46,66.9,37.2,4,30.6,1,86
Industrial Corridor,146.2,170,78.2,62.2,1,40,49.8,56.5,4,23.4,0,0
Highway,267.1,266,60.8,19.3,3,15,85.1,62.4,3,6.0,0,0
Highway,196.9,260,63.4,59.7,2,21,74.4,59.1,5,38.9,0,0
Urban Infrastructure,807.3,1047,70.4,62.2,3,44,69.3,27.7,9,13.2,1,91
Highway,503.0,249,48.2,30.1,3,33,40.0,22.9,10,36.7,1,20
Irrigation,222.9,31,39.1,35.4,0,4,84.9,97.6,8,38.2,1,19
Industrial Corridor,213.6,101,86.7,67.5,0,8,78.1,53.3,6,12.6,0,0
Highway,865.6,752,60.2,93.5,7,12,83.3,48.8,7,12.4,0,0
Industrial Corridor,821.3,519,100.0,93.0,1,13,63.7,81.3,17,21.7,0,0
Urban Infrastructure,400.2,246,100.0,93.4,2,17,61.5,42.9,7,36.1,0,0
Industrial Corridor,286.1,130,63.9,57.8,5,24,59.4,37.5,6,19.4,0,0
Railway,102.4,96,100.0,100.0,3,17,100.0,94.2,1,27.0,0,0
Urban Infrastructure,150.0,32,87.0,66.3,1,39,52.2,79.5,7,20.5,0,0
Irrigation,95.6,97,61.7,60.8,1,13,39.3,34.7,14,34.6,1,65
Industrial Corridor,589.6,606,30.7,19.9,6,39,55.5,55.2,2,19.0,1,93
Industrial Corridor,103.8,135,83.0,75.5,0,22,52.3,20.4,3,18.1,0,0
Industrial Corridor,211.5,688,72.5,57.5,4,21,88.2,80.5,5,14.6,0,0
Highway,51.9,7,78.9,50.9,2,31,35.9,33.1,5,14.3,1,20
Highway,75.2,75,68.3,57.6,0,28,51.8,51.6,8,37.7,0,0
Highway,461.9,516,53.7,33.9,3,17,66.8,52.9,20,22.1,0,0
Railway,359.4,170,65.2,55.2,1,10,88.4,78.5,3,15.5,0,0
Railway,293.6,193,83.3,82.4,0,45,77.3,80.1,5,7.6,1,46
Irrigation,214.5,117,66.3,60.3,1,20,95.4,82.4,7,23.0,0,0
Railway,66.1,69,66.2,62.2,1,20,69.9,69.3,4,17.0,0,0
Industrial Corridor,193.1,267,47.7,31.7,0,81,58.9,88.8,8,14.9,1,95
Urban Infrastructure,255.5,86,73.5,64.0,1,39,80.1,61.1,10,17.5,0,0
Highway,441.3,418,54.2,57.3,0,16,35.7,18.1,5,27.3,0,0
Industrial Corridor,568.7,879,86.7,81.8,3,19,28.8,16.8,12,13.2,1,18
Irrigation,471.6,233,60.3,73.7,2,9,82.5,80.1,6,22.6,0,0
Irrigation,357.9,36,67.3,61.9,0,6,67.2,59.3,4,35.7,0,0
Highway,290.4,122,100.0,92.0,1,16,82.3,61.0,2,19.9,0,0
Industrial Corridor,333.9,129,67.1,33.8,4,26,46.0,46.5,11,14.3,0,0
Urban Infrastructure,183.2,80,65.0,38.1,1,9,88.7,66.8,9,37.6,0,0
Industrial Corridor,308.4,597,81.4,87.9,2,33,76.4,89.5,3,25.0,0,0
Urban Infrastructure,254.4,556,43.4,32.6,1,8,62.4,50.9,4,24.1,1,18
Urban Infrastructure,1088.3,1804,92.0,80.9,7,16,67.1,57.7,8,31.7,1,179
Railway,339.8,212,87.9,83.1,1,31,69.9,45.9,10,25.0,0,0
Irrigation,38.7,66,80.4,74.7,0,64,45.9,50.7,9,26.8,0,0
Railway,205.9,29,18.0,15.0,0,49,55.3,58.4,11,8.7,0,0
Urban Infrastructure,234.3,87,67.8,33.6,1,42,69.6,81.5,24,16.8,1,30
Highway,514.2,606,51.6,49.4,4,21,54.5,54.0,12,46.5,1,172
Railway,370.1,194,90.0,77.2,3,35,33.6,20.8,11,14.6,0,0
Urban Infrastructure,357.4,122,88.8,100.0,1,15,68.9,86.9,5,26.8,0,0
Highway,669.9,623,78.2,58.7,3,30,79.7,77.3,3,45.2,0,0
Industrial Corridor,823.7,777,52.8,28.2,1,6,84.4,66.2,16,33.6,1,53
Railway,461.5,461,95.9,100.0,3,24,73.6,66.1,5,29.2,0,0
Urban Infrastructure,218.1,232,67.8,67.0,1,6,79.4,69.3,9,17.2,0,0
Urban Infrastructure,223.1,202,100.0,85.7,0,40,82.8,96.4,2,19.1,0,0
Highway,615.4,429,76.2,67.9,2,33,64.6,57.1,2,22.6,1,76
Industrial Corridor,222.5,173,80.1,65.6,1,52,20.6,11.2,12,29.7,0,0
Railway,276.4,328,64.6,60.6,0,7,86.2,79.7,4,40.0,0,0
Irrigation,202.5,179,94.5,60.4,0,81,45.1,33.8,9,27.3,1,53
Irrigation,120.2,67,81.7,83.1,2,19,40.4,36.0,4,19.7,1,59
Industrial Corridor,1035.4,484,95.1,49.4,1,40,40.9,38.7,10,24.9,1,100
Highway,277.8,215,74.8,49.4,0,9,100.0,100.0,7,31.7,0,0
Highway,731.5,1127,71.2,51.6,2,26,71.8,48.2,6,29.7,1,15
Industrial Corridor,224.8,241,81.5,88.1,1,17,42.2,51.6,9,23.3,0,0
Irrigation,176.3,280,95.1,74.4,2,33,49.3,37.9,10,13.7,1,15
Railway,435.8,269,88.3,71.8,3,3,63.0,26.8,4,37.8,0,0
Highway,567.1,479,74.2,95.9,1,8,73.8,48.3,9,23.1,0,0
Railway,591.0,544,42.3,54.0,2,43,68.6,52.0,10,28.7,0,0
Urban Infrastructure,253.0,308,85.0,72.0,3,8,44.4,31.7,12,18.6,0,0
Highway,466.3,288,49.0,42.9,2,17,69.3,62.2,15,18.3,1,153
Railway,191.7,206,72.6,71.8,1,15,50.8,55.3,7,31.5,0,0
Urban Infrastructure,305.6,456,70.1,47.0,1,24,83.9,78.7,4,12.1,1,41
Highway,235.3,170,49.3,53.7,1,9,64.1,46.5,4,13.2,1,15
Industrial Corridor,209.4,90,78.0,76.4,2,45,47.8,33.0,5,42.6,0,0
Highway,314.6,478,100.0,100.0,2,24,76.8,56.0,5,35.1,0,0
Urban Infrastructure,117.5,133,67.0,51.9,2,49,70.7,43.4,6,30.6,1,40
Industrial Corridor,537.1,154,84.3,100.0,0,33,53.5,46.9,7,14.2,0,0
Urban Infrastructure,210.1,154,100.0,99.0,3,23,77.6,65.7,8,28.4,0,0
Highway,520.6,1042,85.8,100.0,4,1,75.6,95.1,8,25.2,1,51
Irrigation,139.4,143,61.7,58.1,0,30,87.0,44.2,11,21.1,0,0
Industrial Corridor,209.5,162,75.8,57.7,0,29,77.2,74.4,16,25.0,0,0
Highway,117.1,46,79.7,61.3,1,48,58.7,39.9,8,10.3,0,0
Highway,113.3,45,94.9,97.1,1,22,29.2,26.4,5,3.2,0,0
Highway,155.0,182,91.4,75.9,1,20,66.7,64.3,11,29.3,0,0
Urban Infrastructure,141.2,59,27.7,22.3,1,31,69.8,64.4,11,27.8,1,120
Industrial Corridor,118.0,109,58.3,31.2,1,20,64.0,73.7,5,28.8,1,26
Irrigation,291.0,209,70.9,64.7,3,13,2.8,31.0,11,34.5,1,42
Industrial Corridor,430.1,384,55.8,89.4,1,35,76.6,50.2,1,31.6,0,0
Irrigation,445.2,304,12.8,5.0,3,2,44.8,27.6,4,42.3,1,31
Railway,61.2,61,60.4,58.8,2,20,76.7,81.4,3,39.0,0,0
Railway,234.2,304,71.9,67.7,2,14,97.0,81.2,4,26.6,0,0
Irrigation,217.2,150,63.6,50.9,0,8,57.9,36.5,11,27.7,1,15
Highway,677.5,836,56.0,67.9,3,23,71.8,73.2,6,28.5,1,61
Urban Infrastructure,240.9,392,72.7,63.7,2,53,63.7,48.5,12,9.1,1,38
Industrial Corridor,273.9,252,77.5,62.0,0,9,73.5,49.4,17,36.1,0,0
Railway,84.6,98,64.5,51.4,1,30,65.1,77.7,16,32.4,1,174
Irrigation,151.7,52,93.9,94.3,1,26,52.7,35.7,5,7.8,0,0
Highway,79.8,56,72.9,51.0,2,6,44.9,30.4,6,43.0,1,106
Urban Infrastructure,304.4,80,58.1,64.1,1,26,94.8,57.6,7,21.3,0,0
Urban Infrastructure,691.3,382,54.0,54.8,2,15,71.8,54.4,18,24.6,1,68
Urban Infrastructure,156.0,110,68.6,62.5,0,11,79.6,76.8,4,24.4,0,0
Railway,242.4,508,89.8,77.7,1,11,71.0,66.4,13,24.1,0,0
Highway,141.9,67,58.8,55.3,0,85,82.5,43.1,9,52.3,1,28
Highway,180.1,135,81.5,56.3,1,4,45.1,41.4,1,23.1,0,0
Highway,308.9,129,73.5,61.4,0,41,64.7,46.9,6,22.4,0,0
Highway,902.4,603,100.0,90.9,2,16,73.1,67.7,3,26.2,1,43
Highway,669.6,673,78.2,66.6,3,8,88.9,63.7,6,16.7,0,0
Urban Infrastructure,796.9,876,60.8,42.5,4,14,100.0,74.0,1,29.2,0,0
Highway,523.7,322,83.8,72.4,0,44,71.2,62.5,19,17.0,0,0
Highway,240.0,124,84.3,100.0,3,45,49.8,46.9,5,31.5,0,0
Industrial Corridor,216.3,18,65.6,42.3,1,8,39.1,36.6,6,14.5,1,21
Irrigation,156.8,274,53.4,43.7,0,26,44.9,61.8,18,19.5,0,0
Industrial Corridor,21.6,13,80.6,63.0,1,25,47.5,37.0,3,14.9,0,0
Irrigation,237.2,38,73.0,70.7,0,16,5.0,0.0,10,20.1,1,67
Urban Infrastructure,697.6,1044,47.7,65.3,5,28,49.5,52.7,4,6.3,1,62
Irrigation,692.6,134,76.1,100.0,3,33,77.3,95.8,2,2.0,0,0
Irrigation,1114.7,1669,61.8,67.0,8,8,64.5,52.4,10,22.5,1,60
Industrial Corridor,325.1,87,47.8,32.6,0,3,57.8,43.8,15,9.1,1,15
Railway,102.3,31,66.4,40.2,4,6,30.6,15.7,7,45.1,1,37
Railway,411.3,150,92.5,80.3,1,13,84.0,89.8,11,22.1,1,50
Railway,908.5,507,91.3,98.0,0,16,73.2,58.2,4,33.8,0,0
Highway,756.4,1139,87.1,90.1,1,35,62.7,56.4,10,29.4,1,26
Industrial Corridor,198.0,74,76.3,49.2,4,18,18.9,0.0,7,14.3,1,25
Highway,111.0,111,81.5,91.9,1,13,53.2,58.8,5,21.4,0,0
Highway,108.3,95,73.6,36.2,2,3,71.7,45.4,3,34.1,1,293
Highway,164.9,131,54.3,20.0,0,43,62.4,30.8,15,33.4,1,77
Industrial Corridor,185.2,250,57.5,19.6,2,8,66.8,56.1,7,35.5,1,236
Railway,226.9,189,62.3,49.0,2,45,76.7,61.6,5,18.8,0,0
Irrigation,448.3,390,94.4,91.2,2,12,66.1,45.3,6,32.4,0,0
Urban Infrastructure,221.1,255,89.2,76.2,2,7,76.0,82.4,10,19.3,0,0
Highway,295.9,169,54.7,34.0,0,19,46.1,44.4,11,37.1,0,0
Industrial Corridor,74.7,56,72.9,74.0,3,9,38.5,26.7,7,36.8,0,0
Highway,157.0,144,65.6,73.0,0,15,72.5,33.1,9,10.9,0,0
Highway,151.2,193,69.5,65.5,1,19,76.6,85.5,6,29.0,0,0
Irrigation,63.1,44,63.4,66.2,2,32,73.4,39.8,6,14.0,1,30
Urban Infrastructure,217.0,162,94.5,69.1,1,62,65.6,59.5,11,35.1,0,0
Highway,75.2,74,71.7,72.3,2,11,56.5,48.0,6,13.6,1,69
Irrigation,205.6,145,75.5,66.2,0,20,67.2,39.9,3,29.5,0,0
Highway,312.3,150,75.6,53.8,0,5,70.6,31.3,10,34.1,0,0
Irrigation,705.2,813,55.6,29.7,5,29,71.8,56.5,9,26.7,1,187
Irrigation,145.0,121,73.7,62.8,2,22,100.0,73.5,12,35.5,0,0
Irrigation,306.2,183,89.0,75.6,2,3,44.6,49.4,10,29.2,1,372
Irrigation,174.1,64,95.6,100.0,0,23,100.0,98.9,9,43.2,0,0
Highway,71.3,14,53.6,31.3,3,9,37.9,49.2,3,13.9,1,15
Irrigation,710.4,725,47.7,22.0,4,15,70.7,69.4,7,21.8,1,120
Irrigation,322.3,152,73.0,91.2,3,52,39.1,21.6,5,4.9,0,0
Irrigation,397.2,102,89.7,57.0,0,4,69.1,56.9,10,22.7,0,0
Highway,784.8,342,77.8,79.6,1,31,82.6,47.7,19,12.9,0,0
Railway,204.8,188,82.9,66.6,0,8,63.7,23.9,11,10.7,0,0
Railway,97.7,46,50.2,41.1,2,6,82.5,75.5,3,8.9,0,0
Highway,143.3,133,62.8,55.6,0,11,54.5,55.7,9,20.8,0,0
Highway,89.8,48,36.9,31.8,0,6,22.0,0.0,5,28.8,1,63
Railway,588.1,443,69.7,75.6,5,73,75.5,47.5,11,31.3,1,18
Industrial Corridor,930.7,737,37.4,22.1,3,3,63.6,48.0,12,37.0,1,182
Highway,309.9,346,93.3,89.3,2,5,53.4,33.8,7,36.4,0,0
Industrial Corridor,456.7,520,96.9,100.0,2,2,54.8,37.6,6,13.6,0,0
Irrigation,538.2,413,74.3,80.8,2,9,71.1,76.9,9,17.8,0,0
Industrial Corridor,818.1,333,47.8,57.9,1,19,46.7,56.0,5,28.1,1,64
Railway,906.5,1299,78.0,77.3,3,21,70.5,62.3,12,28.3,1,30
Railway,49.0,29,100.0,85.2,3,23,86.8,80.8,10,41.2,0,0
Irrigation,178.0,21,79.6,81.6,2,24,100.0,86.8,5,22.8,0,0
Urban Infrastructure,285.5,256,91.0,69.3,1,37,91.1,84.1,3,34.4,0,0
Railway,161.3,148,64.2,57.9,0,53,66.2,82.7,8,24.4,0,0
Irrigation,231.3,140,58.1,54.2,1,28,68.2,90.9,13,29.9,1,33
Irrigation,379.9,102,70.9,62.7,1,19,55.0,34.9,11,30.3,1,47
Industrial Corridor,372.8,85,41.2,13.7,2,8,53.7,54.6,3,25.8,1,82
Highway,526.8,334,100.0,100.0,0,20,80.4,74.9,9,15.3,0,0
Railway,290.1,110,74.2,43.0,0,28,56.8,56.2,10,29.0,1,104
Railway,24.5,31,85.9,64.5,1,14,70.3,75.0,6,33.1,0,0
Urban Infrastructure,217.0,134,64.6,56.9,1,32,43.7,48.8,7,27.2,0,0
Railway,354.8,203,47.3,22.7,0,24,90.4,66.1,11,2.0,1,34
Railway,551.5,1089,94.8,91.3,4,9,56.6,51.2,8,24.1,0,0
Urban Infrastructure,500.6,66,54.0,42.0,1,11,84.8,66.3,1,33.5,1,20
Railway,262.5,196,77.6,77.2,2,41,48.9,28.4,4,15.2,0,0
Highway,168.9,34,79.1,57.6,1,2,47.9,34.2,5,37.7,0,0
Highway,271.5,412,73.2,75.1,0,3,89.6,68.6,4,19.3,0,0
Highway,57.2,14,59.4,52.1,0,7,50.5,41.3,12,22.5,1,60
Highway,182.2,171,69.6,52.1,4,76,31.6,2.1,9,28.3,1,332
Railway,618.7,534,56.8,34.1,2,25,42.2,20.8,3,15.9,1,91
Industrial Corridor,270.9,54,84.9,88.4,1,11,80.1,56.8,9,36.0,0,0
Industrial Corridor,365.3,345,81.1,62.6,4,25,78.2,83.3,12,39.9,0,0
Highway,86.4,46,71.7,77.4,3,10,47.7,34.8,6,13.9,0,0
Irrigation,549.1,577,62.9,85.0,6,19,50.4,68.9,9,24.0,0,0
Highway,252.8,129,100.0,100.0,1,12,76.5,46.5,8,46.8,0,0
Urban Infrastructure,356.8,338,51.2,31.5,1,24,89.3,89.6,3,38.1,0,0
Highway,411.5,290,47.3,39.5,2,15,61.6,59.9,9,8.3,0,0
Irrigation,535.9,506,70.7,70.2,4,11,74.1,85.6,5,38.8,1,25
Railway,319.9,333,67.9,59.1,1,19,80.5,72.0,16,2.0,0,0
Irrigation,257.1,169,89.6,81.3,3,13,100.0,95.0,3,32.8,0,0
Railway,104.8,62,82.3,65.6,1,13,39.9,3.6,7,16.6,1,148
Industrial Corridor,79.1,81,72.5,87.1,1,4,49.6,27.7,13,31.1,0,0
Highway,315.4,170,80.0,73.4,0,24,52.9,51.6,5,28.7,0,0
Urban Infrastructure,358.4,239,79.7,70.0,2,93,79.6,95.6,9,27.5,1,15
Railway,399.7,673,100.0,100.0,3,19,58.0,83.3,36,32.4,1,108
Industrial Corridor,145.8,110,76.1,87.4,1,14,69.2,75.6,12,20.5,0,0
Industrial Corridor,183.6,209,61.1,58.2,2,14,65.4,76.4,9,19.4,0,0
Urban Infrastructure,311.4,151,75.2,67.1,0,40,63.0,48.8,11,36.2,0,0
Highway,201.9,189,30.1,21.9,1,20,65.1,58.3,10,26.1,1,24
Highway,1172.5,794,71.5,71.3,2,16,83.6,74.3,4,19.7,0,0
Highway,180.5,109,89.5,89.9,1,15,43.6,48.8,9,24.0,0,0
Highway,375.4,70,81.6,79.1,0,18,60.0,48.7,23,23.1,1,93
Irrigation,490.6,188,76.8,64.6,1,7,38.7,51.0,15,22.2,0,0
Urban Infrastructure,510.7,86,82.4,57.0,1,7,67.5,59.8,6,30.9,0,0
Urban Infrastructure,199.2,408,89.7,100.0,3,4,59.1,37.6,6,16.4,0,0
Irrigation,412.9,288,94.8,78.1,0,24,84.4,80.9,24,42.7,0,0
Irrigation,378.9,287,79.2,72.8,3,1,62.9,47.2,7,28.5,1,71
Urban Infrastructure,424.9,533,66.9,51.5,1,21,54.1,74.8,5,5.8,0,0
Urban Infrastructure,308.5,274,35.0,10.4,2,11,58.1,80.0,4,29.0,0,0
Highway,493.0,295,87.7,90.3,2,7,97.5,83.6,8,15.8,0,0
Irrigation,334.8,202,80.2,59.0,0,19,31.6,6.9,5,25.7,1,81
Industrial Corridor,93.9,34,74.4,84.0,2,12,50.4,45.0,8,24.3,0,0
Highway,327.8,323,61.0,51.2,1,18,63.7,22.5,9,33.5,1,71
Railway,355.1,357,87.4,82.8,1,8,50.3,63.0,16,33.3,0,0
Urban Infrastructure,470.4,358,67.9,59.3,2,22,72.8,74.0,6,28.4,0,0
Urban Infrastructure,315.7,217,71.4,77.2,1,16,61.9,50.8,1,47.0,0,0
Urban Infrastructure,830.7,839,71.1,57.0,0,31,68.1,52.1,6,18.0,0,0
Industrial Corridor,263.7,94,79.2,49.0,1,5,65.4,65.2,6,41.0,0,0
Highway,191.4,175,53.6,59.2,0,12,60.9,67.8,6,41.3,1,15
Railway,670.9,1165,81.0,70.3,7,11,37.2,18.9,7,29.7,1,15
Irrigation,258.5,128,60.5,40.5,1,27,66.5,55.5,2,31.0,1,24
Irrigation,295.4,191,61.0,57.2,1,37,27.7,23.9,3,36.5,1,192
Railway,355.2,526,86.2,59.2,5,20,49.6,33.1,6,22.5,1,52
Irrigation,334.9,255,56.1,54.1,1,15,72.8,65.8,12,20.4,0,0
Railway,422.6,503,86.1,79.7,0,31,86.8,79.9,7,21.0,0,0
Industrial Corridor,452.2,428,73.6,79.5,2,13,100.0,93.6,10,29.2,0,0
Railway,178.3,177,45.6,35.8,1,53,54.4,57.7,3,20.8,0,0
Railway,112.7,54,93.8,85.8,2,9,45.7,50.5,4,18.1,0,0
Highway,124.7,58,77.0,60.1,2,2,73.4,72.3,1,14.6,0,0
Highway,624.1,687,78.3,79.2,4,4,100.0,90.5,2,15.2,0,0
Urban Infrastructure,243.2,70,88.1,89.6,3,13,93.7,100.0,22,19.0,0,0
Railway,487.7,325,96.0,81.5,1,71,42.3,19.1,3,19.2,0,0
Highway,460.4,465,75.2,47.6,4,7,60.2,50.9,4,27.2,0,0
Industrial Corridor,295.4,191,81.9,65.1,3,52,80.0,87.0,4,17.5,0,0
Irrigation,144.0,100,77.9,44.0,0,19,81.4,48.2,18,31.4,0,0
Highway,467.8,815,66.5,50.7,4,7,74.8,65.2,3,47.6,1,50
Highway,288.2,353,46.7,31.4,1,13,54.0,65.0,7,39.7,1,195
Highway,106.6,169,75.4,57.9,2,34,74.7,42.1,4,14.3,1,115
Irrigation,203.2,509,94.1,65.3,0,15,81.6,52.3,5,22.7,1,39
Highway,73.1,110,81.3,56.0,0,8,44.4,49.0,2,12.0,0,0
Highway,210.6,119,54.9,62.1,1,13,89.6,85.4,5,28.1,0,0
Highway,306.3,130,89.6,70.4,2,39,82.8,80.7,11,28.8,0,0
Irrigation,266.8,152,67.0,55.3,2,85,48.2,67.5,7,27.9,0,0
Highway,244.2,249,38.5,33.2,1,32,81.5,67.6,9,14.5,1,20
Industrial Corridor,304.0,184,88.3,100.0,1,55,79.3,57.6,3,18.9,0,0
Highway,405.7,199,56.9,70.5,3,32,80.0,61.1,11,36.5,0,0
Irrigation,513.5,869,100.0,97.1,3,31,94.5,85.0,7,30.4,0,0
Railway,559.1,332,90.4,100.0,2,26,62.8,39.7,5,16.5,0,0
Railway,162.8,159,68.4,65.2,3,23,69.6,77.6,6,11.9,0,0
Highway,594.9,571,79.3,61.3,1,9,10.2,0.0,7,25.2,0,0
Industrial Corridor,288.6,55,100.0,100.0,0,18,85.3,87.9,7,24.7,0,0
Urban Infrastructure,224.7,367,88.0,78.8,1,32,83.4,84.3,16,11.9,0,0
Highway,127.9,44,75.8,82.8,1,23,90.1,89.7,8,22.6,0,0
Highway,22.1,6,100.0,87.8,0,4,44.3,45.0,7,20.7,1,46
Urban Infrastructure,386.9,214,73.9,58.8,2,39,82.2,76.1,6,19.5,1,31
Irrigation,376.9,162,81.3,93.2,5,28,83.4,77.9,8,21.3,0,0
Highway,189.3,282,57.0,59.5,1,37,50.0,39.1,12,29.0,1,72
Highway,193.6,170,45.2,54.9,0,7,84.1,87.4,2,27.0,0,0
Irrigation,259.8,135,67.4,52.3,2,4,72.3,60.8,1,39.8,1,15
Industrial Corridor,221.9,57,72.6,62.3,0,15,29.0,36.4,6,28.2,1,95
Irrigation,156.9,147,77.3,70.0,3,24,74.7,54.7,4,34.9,0,0
Urban Infrastructure,116.2,73,49.3,43.1,0,49,47.7,27.9,7,11.4,1,110
Railway,599.2,608,82.6,70.1,1,22,29.5,20.6,7,27.7,0,0
Highway,202.4,178,58.7,45.9,2,64,70.3,71.0,6,21.9,1,31
Railway,375.5,165,81.7,80.6,0,12,61.7,48.0,14,34.0,1,83
Railway,426.2,465,87.0,87.9,1,26,91.1,95.4,4,28.8,0,0
Highway,388.2,122,65.7,58.5,3,3,66.6,57.1,4,43.3,1,55
Highway,441.6,270,56.6,51.3,1,34,78.6,71.9,17,15.7,0,0
Railway,385.3,256,96.7,59.9,1,47,73.2,24.8,3,18.2,1,31
Industrial Corridor,175.7,127,86.0,83.4,0,23,83.4,92.8,6,29.8,1,57
Highway,231.2,70,74.4,62.3,0,6,45.3,76.3,5,24.6,1,18
Railway,588.9,852,95.5,81.0,5,18,67.0,67.6,9,15.6,0,0
Irrigation,198.0,87,73.3,45.7,1,12,60.2,76.9,7,30.1,0,0
Irrigation,288.9,62,62.1,65.5,2,13,76.1,78.0,2,20.6,0,0
Industrial Corridor,406.9,365,56.0,29.2,1,18,68.1,78.6,5,31.0,1,67
Industrial Corridor,729.0,1481,70.3,64.4,4,6,50.7,55.3,4,7.3,1,15
Industrial Corridor,555.4,106,84.3,41.3,0,21,56.2,63.2,11,22.8,0,0
Highway,139.3,53,94.2,81.1,1,13,96.0,72.6,17,27.7,0,0
Railway,367.4,453,72.4,81.6,1,25,29.1,20.8,14,27.9,0,0
Irrigation,339.1,255,91.4,86.2,1,25,77.2,52.1,6,33.7,0,0
Highway,232.7,72,68.6,41.9,0,7,87.8,78.2,13,23.3,0,0
Highway,294.9,195,59.5,50.4,0,14,74.6,51.7,13,30.9,0,0
Highway,174.3,306,51.1,43.9,1,14,100.0,95.5,19,25.2,0,0
Railway,256.4,394,63.9,45.8,2,17,81.8,48.9,1,34.1,0,0
Railway,199.3,553,51.7,48.5,1,43,70.7,54.6,5,9.1,1,297
Highway,310.6,348,100.0,95.0,6,10,53.7,56.4,10,2.0,0,0
Industrial Corridor,226.5,123,79.0,84.2,3,14,71.1,52.8,4,39.8,0,0
Urban Infrastructure,764.2,932,70.5,38.3,5,25,76.6,67.2,2,19.7,1,165
Highway,317.8,149,99.6,100.0,3,19,63.1,57.1,3,7.3,0,0
Urban Infrastructure,276.8,192,51.2,40.8,1,33,48.1,37.7,9,24.2,1,79
Highway,246.6,116,69.8,55.1,4,25,38.9,18.6,4,20.3,0,0
Urban Infrastructure,226.9,253,100.0,92.2,2,14,66.7,89.5,3,30.1,0,0
Urban Infrastructure,106.6,113,69.7,79.3,0,20,33.4,29.7,17,31.4,0,0
Highway,487.0,243,100.0,100.0,1,39,53.6,34.4,9,21.4,1,49
Industrial Corridor,671.6,928,84.6,69.3,2,6,14.4,1.7,15,36.2,1,68
Urban Infrastructure,197.1,322,92.9,95.8,0,7,79.7,87.6,5,12.7,0,0
Urban Infrastructure,586.9,320,93.4,100.0,0,8,86.1,100.0,12,2.0,0,0
Urban Infrastructure,1165.2,1106,72.0,58.6,4,14,64.6,30.1,3,27.6,1,30
Irrigation,910.2,1537,64.2,68.4,6,16,99.6,93.4,4,23.2,1,56
Highway,652.8,588,70.2,53.4,3,44,89.9,58.2,5,5.2,1,21
Industrial Corridor,118.3,72,56.2,51.0,1,12,72.6,51.7,5,32.7,1,15
Irrigation,117.2,83,70.9,66.4,2,4,60.7,63.6,3,7.3,0,0
Irrigation,440.2,238,71.9,63.2,1,39,56.0,84.5,5,24.8,0,0
Railway,290.9,409,99.0,100.0,3,11,74.2,72.1,2,34.4,1,42
Irrigation,45.8,60,81.5,85.1,3,30,60.2,51.8,7,28.8,0,0
Highway,214.4,483,100.0,95.6,4,35,74.0,58.2,13,28.2,0,0
Industrial Corridor,427.4,198,37.4,45.4,0,21,75.4,83.1,4,20.8,1,53
Highway,259.1,135,52.5,34.5,1,17,58.4,46.7,6,27.9,1,35
Industrial Corridor,291.9,79,66.3,62.6,0,9,84.9,73.2,13,31.6,0,0
Industrial Corridor,117.0,120,95.9,100.0,2,9,58.4,34.6,17,18.9,0,0
Railway,212.3,74,70.2,70.0,0,36,63.4,59.0,12,13.6,0,0
Railway,441.4,966,48.5,39.1,1,24,43.4,27.8,7,34.7,1,108
Highway,204.7,88,68.1,66.3,2,36,57.6,44.3,10,46.4,0,0
Urban Infrastructure,617.2,111,52.8,39.2,2,12,100.0,77.9,10,42.4,1,22
Industrial Corridor,296.5,101,49.7,33.7,3,41,45.0,48.3,10,2.0,1,32
Railway,386.0,341,100.0,58.4,3,52,71.8,100.0,4,39.8,1,182
Highway,434.9,307,66.4,42.3,2,6,53.9,48.5,11,19.0,1,70
Highway,423.5,179,74.8,89.7,2,6,18.7,13.2,13,45.8,1,51
Railway,136.1,93,70.5,67.5,2,31,74.2,82.6,1,14.6,0,0
Urban Infrastructure,156.0,79,68.0,63.7,0,20,51.9,65.5,5,13.6,0,0
Industrial Corridor,44.9,45,58.5,42.4,2,15,69.4,69.0,9,25.4,1,37
Highway,230.6,82,67.0,72.1,0,34,82.8,75.5,8,21.6,0,0
Urban Infrastructure,146.9,119,77.4,76.8,1,11,67.7,57.3,9,22.1,1,91
Railway,200.2,166,94.7,100.0,3,11,69.6,94.9,3,36.4,0,0
Urban Infrastructure,248.2,179,87.2,87.6,0,6,45.6,62.9,1,39.6,0,0
Highway,323.7,304,52.5,52.4,1,38,77.1,51.2,7,15.6,1,36
Irrigation,261.8,178,87.8,84.2,0,5,59.2,53.0,6,44.0,0,0
Urban Infrastructure,258.4,287,79.6,88.2,1,35,23.0,14.0,13,12.5,1,69
Highway,365.8,263,62.0,40.3,1,27,79.5,90.5,9,19.4,0,0
Irrigation,283.0,408,74.9,60.3,2,35,85.7,76.8,1,53.9,1,17
Urban Infrastructure,510.2,412,81.2,93.5,5,7,92.6,89.2,9,30.1,0,0
Highway,283.7,394,72.8,64.4,3,17,100.0,100.0,15,18.8,0,0
Highway,731.8,375,79.7,93.6,3,9,78.5,91.4,13,28.9,0,0
Irrigation,131.7,51,58.2,31.4,1,49,73.3,77.3,9,33.8,1,126
Railway,227.7,252,100.0,69.4,1,19,84.8,46.2,5,29.7,0,0
Highway,176.8,129,41.1,33.9,0,12,45.3,41.5,6,40.1,1,166
Railway,332.3,45,81.2,85.1,2,9,29.6,8.8,6,16.5,0,0
Industrial Corridor,131.6,60,77.9,79.2,0,21,53.5,47.4,10,18.8,0,0
Highway,87.1,77,82.3,80.7,3,12,88.5,84.2,10,16.2,0,0
Railway,152.4,105,60.7,54.2,0,13,49.8,50.3,7,16.9,0,0
Industrial Corridor,92.7,41,90.7,63.5,3,16,72.3,43.1,12,26.5,0,0
Irrigation,250.5,181,70.3,48.9,1,69,74.5,59.9,4,14.3,0,0
Industrial Corridor,323.1,257,53.0,31.4,2,19,67.9,70.7,12,29.2,1,28
Railway,75.9,16,54.5,44.1,1,11,37.4,34.3,17,33.0,1,158
Urban Infrastructure,217.5,298,74.0,82.2,2,19,69.9,44.8,14,12.6,0,0
Irrigation,554.5,856,46.5,49.3,6,10,54.6,88.2,12,19.1,1,269
Highway,658.2,299,100.0,91.1,0,48,97.1,83.4,5,20.4,0,0
Urban Infrastructure,464.3,925,88.8,97.6,0,30,85.7,68.6,8,23.6,0,0
Railway,28.4,20,100.0,87.7,1,5,55.3,57.5,16,24.2,0,0
Highway,303.5,148,99.5,80.2,0,30,98.3,87.0,10,36.0,0,0
Highway,595.9,285,66.4,50.8,0,21,69.9,53.4,8,36.8,1,44
Irrigation,201.8,387,58.1,43.0,2,26,29.6,39.1,10,17.1,1,50
Highway,108.2,39,29.2,47.3,1,38,61.4,39.8,20,33.6,1,131
Highway,567.8,458,65.5,38.8,0,8,95.7,82.2,14,41.1,0,0
Highway,621.3,538,100.0,100.0,1,17,46.6,39.9,18,39.3,1,22
Railway,281.6,312,58.8,52.9,0,25,61.6,51.0,14,28.3,1,49
Railway,109.0,84,68.6,51.9,0,36,35.8,16.2,6,25.4,1,15
Irrigation,67.3,124,63.1,50.1,0,29,39.0,0.0,3,10.6,0,0
Highway,355.3,723,78.0,87.9,3,16,46.3,28.2,6,21.5,0,0
Highway,177.9,286,92.6,100.0,1,37,38.5,17.3,8,9.6,0,0
Irrigation,269.4,247,47.4,35.4,1,15,50.6,38.7,13,38.5,1,80
Railway,249.6,310,50.4,35.2,1,13,97.8,60.3,12,23.1,1,32
Irrigation,146.1,89,95.8,100.0,0,2,62.3,75.3,4,25.0,0,0
Highway,63.9,89,83.7,70.2,1,6,78.7,95.8,8,19.2,0,0
Highway,205.7,104,67.8,81.0,0,15,84.8,73.5,16,10.5,1,47
Highway,311.7,126,99.3,82.6,0,7,40.8,21.9,4,33.8,1,83
Railway,321.7,128,50.2,54.6,1,4,46.4,76.0,7,31.5,0,0
Railway,169.4,174,86.9,77.8,0,8,78.3,69.4,6,36.3,0,0
Industrial Corridor,613.3,1051,70.9,64.1,1,52,50.3,44.0,12,6.7,1,149
Railway,118.3,212,81.7,57.5,1,5,77.0,56.8,19,40.5,0,0
Irrigation,526.7,75,33.8,22.4,0,6,96.5,81.1,6,24.6,1,41
Irrigation,304.9,392,67.8,68.2,3,34,33.9,52.0,5,34.6,1,29
Highway,207.1,80,83.8,70.8,2,25,55.9,63.1,3,2.0,1,45
Railway,386.6,961,71.0,33.0,9,17,59.0,62.1,8,30.5,1,64
Railway,239.1,73,92.1,73.7,3,32,52.5,32.4,13,25.2,1,17
Railway,86.1,19,91.5,84.3,2,19,50.8,36.2,2,23.6,0,0
Highway,111.3,145,56.7,60.4,3,0,53.2,53.5,7,24.9,1,15
Industrial Corridor,228.1,133,85.2,85.8,1,11,62.7,51.5,9,19.4,0,0
Urban Infrastructure,187.4,105,56.1,38.6,2,77,66.3,73.2,12,10.5,1,83
Highway,519.0,233,72.9,77.3,1,19,82.1,42.4,9,12.1,0,0
Irrigation,181.0,91,82.5,74.5,3,40,62.5,44.9,3,26.3,1,15
Industrial Corridor,172.7,230,58.6,30.5,2,43,85.4,64.6,5,40.4,1,164
Highway,155.9,62,84.6,74.5,3,28,51.2,21.5,16,38.2,1,248
Industrial Corridor,145.8,99,63.9,71.0,1,17,39.0,14.8,11,28.5,1,149
Irrigation,149.6,55,62.7,24.2,1,8,56.9,47.4,5,20.6,0,0
Urban Infrastructure,97.7,77,83.3,50.6,0,5,72.2,66.0,7,48.7,0,0
Urban Infrastructure,313.7,174,58.6,43.6,2,42,80.2,51.9,4,33.5,1,65
Highway,253.6,247,57.8,31.9,2,24,92.2,82.8,2,32.5,0,0
Railway,246.2,258,88.7,84.4,0,24,68.8,71.0,7,11.3,0,0
Irrigation,71.1,123,73.7,55.6,0,28,78.1,39.6,5,28.8,1,32
Highway,364.7,873,48.7,46.6,1,13,90.4,95.4,9,12.4,1,60
Railway,389.2,187,85.7,96.7,0,36,47.4,64.4,21,48.9,0,0
Urban Infrastructure,709.7,795,65.5,21.2,5,20,58.8,34.9,9,16.7,1,52
Highway,375.4,206,49.6,61.3,2,15,100.0,100.0,9,19.3,0,0
Railway,800.6,826,31.9,19.7,3,24,80.1,64.6,13,18.9,1,39
Industrial Corridor,166.3,167,86.5,74.5,3,37,73.2,36.9,3,21.9,0,0
Railway,733.8,725,58.2,43.0,3,14,80.9,92.5,10,33.4,1,42
Railway,383.5,449,52.1,45.4,1,77,36.3,27.9,4,26.0,1,153
Urban Infrastructure,352.0,288,82.2,75.3,2,5,50.1,18.8,13,26.5,1,44
Railway,241.7,141,84.9,75.0,3,27,42.8,23.6,9,33.9,1,179
Highway,206.5,164,59.4,44.7,2,10,71.4,65.1,3,9.3,0,0
Highway,176.1,404,86.6,78.6,1,20,55.6,10.8,9,34.2,0,0
Urban Infrastructure,749.6,387,100.0,93.0,3,31,64.9,57.3,2,27.5,0,0
Highway,236.3,145,93.5,100.0,0,157,56.8,41.8,3,18.3,0,0
Railway,388.1,177,91.1,54.9,1,3,30.5,0.0,2,27.4,0,0
Highway,445.2,84,77.0,61.5,2,7,80.7,57.0,13,27.2,1,20
Railway,441.0,315,64.9,54.0,2,28,27.8,0.0,10,2.0,0,0
Urban Infrastructure,314.7,338,71.1,71.8,2,38,48.4,52.9,8,41.1,1,17
Railway,725.3,296,79.1,85.2,3,13,36.7,9.3,4,39.3,1,81
Urban Infrastructure,368.1,582,51.9,31.9,2,7,45.4,33.9,10,11.6,1,138
Highway,172.7,165,59.7,53.9,0,28,67.0,69.2,8,17.7,1,15
Railway,213.6,286,49.2,32.5,2,11,87.7,75.4,5,40.9,1,77
Urban Infrastructure,74.9,68,75.8,86.7,0,46,31.8,19.9,9,33.3,1,32
Railway,338.2,228,73.3,43.6,2,26,51.9,14.9,10,30.3,1,241
Highway,409.7,243,61.6,41.0,2,28,28.0,13.3,3,30.8,1,100
Urban Infrastructure,433.1,382,85.1,78.2,1,42,50.9,53.6,15,30.1,0,0
Railway,383.5,356,55.3,40.8,2,65,64.4,70.6,7,14.3,0,0
Irrigation,242.3,131,61.0,42.6,4,8,78.3,70.0,10,19.8,1,15
Urban Infrastructure,275.4,183,84.5,95.2,3,15,20.6,31.8,6,37.0,0,0
Highway,276.0,564,86.9,55.4,3,46,74.0,75.7,9,33.2,1,152
Highway,520.2,417,59.3,44.5,0,20,43.5,38.2,6,29.1,1,131
Highway,50.3,43,75.7,77.6,0,12,38.7,36.0,6,18.9,1,19
Railway,196.3,347,59.5,66.9,4,18,64.3,44.4,6,36.9,0,0
Highway,124.2,116,68.8,47.0,0,62,75.5,77.6,8,15.4,0,0
Irrigation,911.7,677,74.3,63.3,1,19,61.0,89.0,11,42.3,1,148
Highway,586.7,773,81.0,66.2,2,30,41.1,57.4,11,18.0,1,171
Irrigation,202.4,233,77.1,68.7,1,15,61.0,52.3,11,16.4,1,91
Highway,89.0,77,76.4,82.4,1,4,48.5,48.3,8,26.3,0,0
Railway,111.6,101,54.7,39.6,0,37,75.1,84.7,5,28.3,0,0
Railway,515.7,323,78.2,73.0,0,15,84.5,46.1,1,27.1,0,0
Industrial Corridor,72.8,26,80.8,73.1,2,40,83.2,61.8,11,11.4,0,0
Railway,278.5,294,83.0,41.7,3,29,62.6,54.5,8,30.6,1,52
Railway,462.6,120,60.5,40.3,2,24,85.5,73.0,5,36.8,1,31
Urban Infrastructure,102.6,37,86.6,65.6,1,49,42.6,37.6,1,25.1,0,0
Irrigation,276.5,182,50.9,5.0,1,15,98.7,100.0,7,9.0,0,0
Highway,204.9,127,65.1,51.7,1,36,42.5,18.0,12,23.7,1,107
Urban Infrastructure,185.6,208,67.6,57.9,1,19,22.4,0.6,3,13.5,0,0
Railway,162.7,210,51.8,53.3,2,14,90.3,100.0,16,4.8,0,0
Highway,487.5,1077,67.3,65.6,0,27,48.8,36.4,23,20.0,1,26
Railway,666.3,154,75.5,96.2,1,12,65.3,51.2,5,43.9,0,0
Highway,228.8,225,42.8,23.7,0,15,42.4,38.2,6,25.1,1,15
Highway,353.1,340,65.7,75.4,1,22,100.0,59.5,6,23.0,0,0
Industrial Corridor,280.9,251,44.0,23.4,1,47,99.4,60.6,5,33.8,1,237
Highway,57.0,60,100.0,92.6,0,50,93.9,90.6,19,32.7,0,0
Industrial Corridor,222.4,264,75.4,65.6,1,7,64.8,59.1,6,9.9,0,0
Urban Infrastructure,46.6,75,74.0,66.6,2,13,82.6,78.7,20,46.6,1,19
Irrigation,192.4,175,75.7,48.3,1,32,61.9,62.1,3,28.2,0,0
Industrial Corridor,271.2,511,81.7,56.8,0,12,85.4,90.2,8,36.0,1,15
Industrial Corridor,438.8,400,87.7,80.1,2,13,54.8,38.2,4,19.5,0,0
Urban Infrastructure,332.0,188,47.0,51.6,2,18,94.7,56.3,3,4.5,1,15
Railway,495.6,428,93.0,72.1,4,31,53.8,21.5,4,24.7,1,39
Highway,142.8,62,91.9,97.5,1,24,56.1,35.3,5,13.9,0,0
Railway,613.8,274,70.9,84.7,2,51,53.7,80.8,6,38.9,1,52
Irrigation,666.7,462,70.1,55.1,2,21,66.8,85.8,2,10.4,1,84
Highway,44.2,28,22.4,5.0,1,24,55.2,30.2,18,26.3,1,132
Irrigation,69.0,109,52.1,49.8,3,19,72.7,39.4,9,32.6,1,40
Highway,266.7,184,80.3,66.6,1,26,53.4,36.1,10,30.7,1,66
Urban Infrastructure,181.8,71,91.2,89.0,2,14,78.8,74.4,8,20.5,0,0
Highway,203.6,157,83.7,65.6,1,27,93.4,64.1,14,6.4,1,19
Highway,330.0,299,70.8,47.5,4,11,64.6,44.3,6,9.4,0,0
Highway,508.4,417,100.0,95.7,0,44,100.0,73.9,8,17.7,0,0
Highway,136.9,52,88.1,94.5,1,20,85.6,100.0,4,10.5,0,0
Highway,563.1,947,65.7,78.1,2,58,100.0,85.8,7,25.2,0,0
Highway,160.4,34,100.0,79.0,0,44,61.8,26.2,7,17.6,0,0
Highway,988.7,804,54.5,62.4,1,25,29.8,12.9,4,11.8,0,0
Highway,616.6,228,48.5,35.3,2,33,48.9,25.7,9,10.4,1,368
Railway,173.3,236,65.3,46.4,1,28,50.9,41.4,9,8.5,0,0
Railway,90.8,90,59.9,58.9,3,7,43.9,33.3,11,25.4,0,0
Railway,170.3,154,66.2,60.5,0,24,19.1,0.0,9,17.9,0,0
Railway,152.7,100,84.8,62.8,0,23,83.5,84.5,7,26.3,0,0
Highway,403.9,646,71.5,74.8,3,19,25.8,28.3,12,25.1,1,331
Highway,45.4,30,71.9,76.6,1,29,81.6,79.8,8,23.8,0,0
Highway,69.8,138,72.9,68.2,3,24,100.0,90.6,1,33.1,0,0
Industrial Corridor,396.3,174,35.0,9.1,1,26,47.4,62.6,3,9.8,1,193
Urban Infrastructure,147.6,114,47.8,17.2,0,56,70.8,50.8,4,33.2,0,0
Urban Infrastructure,194.3,227,65.8,59.2,3,22,55.0,48.5,4,30.3,0,0
Railway,461.2,474,58.5,60.5,2,37,79.5,57.7,9,23.8,0,0
Irrigation,523.0,386,68.3,45.4,0,20,39.1,61.9,14,17.1,1,26
Highway,597.9,140,94.5,100.0,0,56,60.4,38.5,10,26.4,0,0
Industrial Corridor,436.4,369,70.8,59.3,3,32,85.4,56.3,8,30.9,1,30
Industrial Corridor,236.6,144,50.8,43.4,3,25,62.0,46.4,2,10.6,0,0
Industrial Corridor,222.6,116,59.3,33.2,0,13,30.4,20.9,1,32.7,1,34
Urban Infrastructure,204.1,247,99.4,71.9,0,57,87.8,65.8,16,45.1,0,0
Railway,102.9,20,96.5,100.0,1,42,37.1,9.0,5,25.3,0,0
Industrial Corridor,132.5,100,81.5,71.2,1,12,64.6,47.8,9,40.3,0,0
Industrial Corridor,549.0,51,47.0,47.0,4,5,74.7,56.7,9,31.2,0,0
Highway,159.5,165,76.9,73.0,0,17,65.4,31.5,22,28.9,1,85
Urban Infrastructure,103.5,126,78.1,61.5,2,9,100.0,79.6,18,18.3,0,0
Highway,578.3,485,72.4,69.1,2,18,77.7,80.7,24,22.2,0,0
Urban Infrastructure,316.4,181,62.9,52.2,2,35,59.0,31.0,10,15.2,1,20
Industrial Corridor,759.8,1204,66.2,44.8,4,42,75.1,68.0,17,36.4,1,154
Highway,709.7,1168,61.8,32.6,5,5,67.2,57.7,3,17.8,1,158
Irrigation,111.4,104,53.7,41.7,0,7,63.9,53.3,22,45.4,1,53
Highway,254.4,454,93.9,84.3,0,9,67.9,44.4,12,30.8,0,0
Industrial Corridor,124.6,55,86.1,93.6,0,24,54.3,19.1,6,30.3,0,0
Industrial Corridor,123.7,88,67.4,37.2,1,43,67.3,57.9,12,11.4,0,0
Irrigation,199.7,26,77.6,62.7,0,20,52.9,17.9,14,33.3,1,40
Urban Infrastructure,411.6,145,78.2,68.3,1,5,25.1,13.6,10,23.6,0,0
Highway,413.3,137,100.0,90.8,1,26,85.8,55.8,1,19.8,0,0
Highway,380.1,391,86.0,73.0,0,15,51.7,39.7,15,18.8,0,0
Railway,236.0,87,85.4,66.6,0,15,65.8,64.2,7,12.3,0,0
Highway,427.9,81,72.6,52.1,0,23,47.8,10.0,10,26.1,1,94
Railway,102.2,50,65.0,34.4,1,30,48.4,48.2,4,24.2,1,284
Highway,319.9,171,94.1,82.7,1,40,42.2,43.0,6,11.6,0,0
Railway,277.3,85,82.4,49.8,1,44,82.0,91.8,5,31.7,0,0
Railway,225.9,181,58.7,35.9,3,37,86.8,58.8,3,49.4,1,83
Urban Infrastructure,328.4,292,79.3,72.1,0,34,63.5,31.9,1,10.3,0,0
Highway,41.1,10,85.4,100.0,1,6,52.3,37.7,6,24.8,0,0
Urban Infrastructure,126.6,142,38.5,29.3,2,32,29.1,34.9,4,44.2,1,59
Railway,390.1,163,57.2,27.4,4,19,78.9,70.0,8,17.4,0,0
Railway,272.3,144,77.8,80.7,2,44,49.5,45.0,9,30.8,0,0
Railway,76.0,75,41.2,32.0,3,14,40.7,47.2,18,30.3,1,82
Railway,267.9,143,43.7,33.4,1,17,63.6,61.9,1,33.2,0,0
Highway,183.2,65,67.7,46.5,2,12,56.3,39.7,5,46.2,1,33
Railway,557.9,431,79.9,77.3,3,14,32.6,32.7,14,6.3,1,38
Highway,108.7,149,80.6,84.8,3,50,35.4,22.0,9,28.1,1,15
Railway,112.0,143,97.3,81.3,1,13,69.7,87.3,10,20.5,0,0
Irrigation,357.2,179,73.3,75.7,0,22,49.9,15.7,8,25.6,0,0
Railway,242.9,97,66.0,83.7,2,14,73.2,70.1,13,26.5,1,32
Industrial Corridor,234.6,107,51.1,17.3,1,22,65.9,43.8,8,22.8,1,102
Highway,992.3,1274,65.8,44.8,2,26,84.0,72.2,8,14.0,1,64
Urban Infrastructure,421.0,189,83.3,48.9,0,32,46.4,31.4,4,14.8,1,56
Industrial Corridor,213.4,370,84.0,63.8,3,20,67.7,75.7,4,49.4,0,0
Urban Infrastructure,67.3,66,76.2,58.7,1,53,75.8,78.2,9,10.8,0,0
Industrial Corridor,204.6,147,80.8,67.6,1,5,50.5,52.6,6,39.5,0,0
Highway,99.4,49,92.4,87.0,2,12,85.5,76.1,2,14.6,0,0
Irrigation,133.3,104,73.2,58.0,1,12,29.7,0.8,5,27.0,1,49
Highway,136.9,49,93.9,93.6,0,10,46.3,30.8,12,47.6,1,65
Industrial Corridor,529.6,138,60.4,67.4,3,30,28.9,33.4,8,34.7,1,121
Irrigation,82.0,81,70.8,67.5,0,12,48.3,38.0,5,10.2,0,0
Highway,495.7,356,64.3,38.2,2,1,59.9,52.1,7,22.3,1,89
Urban Infrastructure,368.3,422,84.7,94.0,1,24,79.6,75.9,13,25.7,0,0
Highway,364.6,318,55.8,64.8,2,54,59.9,51.1,4,37.3,0,0
Irrigation,128.9,63,66.9,50.6,1,2,51.1,30.6,3,26.5,0,0
Industrial Corridor,453.6,579,42.2,40.0,3,29,32.0,33.8,8,24.3,1,23
Highway,116.8,62,81.5,66.7,1,39,38.7,34.9,5,44.9,1,15
Irrigation,673.4,998,91.9,70.0,3,13,69.2,45.5,8,43.4,1,68
Industrial Corridor,537.7,278,86.6,72.1,1,26,80.6,64.6,7,33.7,0,0
Highway,747.6,218,85.0,85.9,3,23,54.6,26.4,8,19.1,0,0
Railway,278.3,455,85.4,59.4,0,31,87.2,56.7,19,2.0,1,15
Highway,242.8,123,83.2,64.8,1,14,44.0,55.4,3,11.9,1,15
Irrigation,200.5,106,81.8,73.4,0,15,55.2,41.9,11,9.0,0,0
Highway,979.0,295,82.9,75.2,1,27,56.9,55.5,9,25.3,1,67
Urban Infrastructure,409.2,279,61.5,48.3,2,20,93.6,100.0,10,36.3,0,0
Urban Infrastructure,100.4,33,68.8,65.2,2,42,65.7,68.5,2,47.7,1,27
Highway,624.5,987,73.1,87.9,4,22,27.0,22.5,11,40.0,1,77
Railway,236.1,137,66.6,48.1,3,27,82.0,77.4,6,18.2,0,0
Irrigation,20.4,8,46.9,29.2,0,15,99.9,100.0,8,28.8,0,0
Industrial Corridor,152.3,115,52.2,76.4,4,15,58.0,49.2,7,30.4,0,0
Railway,537.4,1270,75.7,60.6,5,34,45.1,0.0,4,8.8,1,45
Highway,369.1,287,86.5,53.9,6,37,80.3,97.2,6,16.4,0,0
Highway,419.3,265,72.1,79.9,2,6,100.0,73.9,7,21.3,0,0
Urban Infrastructure,620.6,463,100.0,93.0,1,18,80.0,71.3,10,49.4,0,0
Railway,56.6,67,57.3,51.8,1,28,30.5,28.1,9,30.3,1,127
Urban Infrastructure,153.8,172,79.1,47.9,2,2,78.1,99.4,7,11.5,0,0
Railway,282.8,242,92.7,69.0,0,17,71.1,50.7,8,21.3,1,52
Urban Infrastructure,547.8,715,89.1,93.4,5,71,43.9,56.5,7,30.9,1,121
Highway,116.2,90,82.5,69.7,2,10,88.8,67.4,10,23.2,0,0
Highway,212.5,141,89.1,48.9,1,10,71.8,36.7,11,22.1,1,128
Urban Infrastructure,270.2,206,72.9,73.6,1,19,89.3,99.5,12,34.1,1,44
Urban Infrastructure,147.8,77,98.6,90.8,0,21,41.8,15.3,6,41.4,0,0
Highway,268.0,320,92.5,77.3,0,16,71.0,61.6,1,39.4,0,0
Railway,241.9,122,58.4,58.9,2,38,45.1,67.5,6,22.7,0,0
Railway,179.8,31,77.1,44.4,0,4,68.0,77.1,5,24.2,1,15
Railway,452.8,117,47.2,45.8,1,9,92.5,80.8,7,22.6,1,140
Highway,400.2,364,96.3,100.0,5,18,34.5,19.5,22,37.6,1,20
Urban Infrastructure,466.1,210,75.6,74.9,1,43,35.6,50.3,6,21.7,0,0
Highway,493.3,559,93.6,76.5,5,13,82.1,72.6,10,4.8,0,0
Industrial Corridor,721.7,521,70.3,73.5,3,9,62.7,41.3,11,31.3,0,0
Highway,73.3,87,42.3,30.1,1,3,86.4,62.4,9,31.8,1,47
Highway,81.3,15,100.0,84.1,0,8,46.9,44.1,2,21.5,0,0
Irrigation,427.7,214,74.1,83.0,1,3,64.0,48.4,7,46.4,0,0
Railway,192.8,76,56.0,55.9,0,12,76.8,51.7,10,20.0,0,0
Irrigation,174.6,459,90.3,77.4,1,30,67.2,45.4,4,41.6,0,0
Highway,154.7,86,100.0,82.2,0,26,27.2,4.8,2,11.3,0,0
Urban Infrastructure,476.9,122,68.8,68.3,2,31,100.0,89.3,10,29.0,0,0
Industrial Corridor,940.1,845,70.4,60.3,3,6,67.2,59.6,12,17.1,1,68
Urban Infrastructure,491.6,183,75.8,71.8,1,5,36.2,23.1,7,25.2,1,17
Highway,186.2,234,54.2,36.0,2,25,69.3,71.8,5,34.4,1,85
Railway,461.1,636,60.9,45.6,4,36,71.6,45.9,16,19.7,0,0
Railway,79.0,31,100.0,97.2,1,19,82.9,96.9,12,18.3,0,0
Irrigation,229.7,106,69.9,55.2,2,26,81.5,80.1,3,23.6,1,67
Highway,56.7,48,58.6,56.4,0,18,58.7,50.2,8,67.4,1,108
Highway,193.0,247,64.8,50.4,0,13,28.6,12.6,4,28.2,1,84
Railway,304.9,277,89.2,74.6,1,15,72.2,53.3,6,27.6,0,0
Highway,1050.2,584,40.4,5.0,3,35,30.2,0.0,14,30.8,1,15
Railway,576.4,169,76.1,72.8,0,18,87.3,77.1,14,7.1,0,0
Highway,57.9,106,100.0,94.0,1,35,48.3,50.1,5,36.1,0,0
Highway,63.6,59,100.0,100.0,0,22,75.7,68.9,10,33.8,0,0
Irrigation,148.6,304,81.2,87.7,2,12,49.9,45.7,4,6.4,0,0
Railway,807.7,808,93.1,91.5,6,28,53.2,36.4,21,52.4,1,166
Railway,60.6,115,92.9,75.6,2,19,47.0,54.0,2,26.0,1,32
Irrigation,155.6,67,70.0,51.7,1,41,77.3,70.9,6,13.7,0,0
Industrial Corridor,155.0,70,86.8,74.7,2,10,50.6,17.3,10,29.4,1,35
Railway,356.8,231,100.0,96.1,0,3,78.4,66.7,4,16.0,0,0
Irrigation,468.9,192,51.8,50.7,2,30,51.1,57.9,4,8.3,0,0
Urban Infrastructure,402.9,91,81.2,86.0,1,47,58.4,54.5,7,23.0,1,55
Irrigation,323.1,157,77.8,77.6,0,36,63.7,88.2,5,23.5,0,0
Urban Infrastructure,76.0,75,73.7,83.8,3,50,66.1,58.0,2,8.7,0,0
Industrial Corridor,288.7,92,72.2,45.2,1,57,44.5,10.8,7,17.4,1,51
Highway,632.0,217,75.7,42.0,0,17,77.1,85.9,10,14.6,0,0
Railway,770.1,389,77.0,96.1,2,8,57.6,70.4,6,22.1,0,0
Irrigation,350.2,133,89.9,77.9,1,1,73.9,74.7,7,33.1,1,32
Urban Infrastructure,58.5,31,79.6,67.8,1,3,62.7,39.9,9,27.6,0,0
Railway,354.4,240,69.2,58.3,2,29,74.7,40.1,18,25.6,0,0
Highway,241.3,81,58.6,58.9,0,4,54.8,39.1,6,5.9,0,0
Irrigation,68.0,35,64.4,42.1,2,24,47.2,57.5,9,25.7,0,0
Highway,110.5,79,76.2,62.5,1,30,71.5,62.8,7,14.0,0,0
Industrial Corridor,128.9,54,60.7,38.2,2,20,53.1,17.3,3,7.1,1,171
Railway,428.7,126,87.1,89.4,2,15,92.2,87.9,11,35.7,0,0
Industrial Corridor,749.5,331,78.9,90.3,0,9,64.4,53.3,15,11.4,0,0
Urban Infrastructure,385.5,222,90.3,76.2,0,52,35.5,22.9,10,27.0,1,17
Irrigation,437.9,96,61.8,67.3,3,9,51.3,65.5,1,20.6,0,0
Irrigation,253.9,254,58.7,35.9,1,15,43.0,19.0,6,15.5,0,0
Industrial Corridor,172.4,103,90.2,100.0,1,14,84.5,62.7,10,39.4,0,0
Industrial Corridor,392.7,174,74.1,72.7,0,32,78.5,99.4,13,19.4,0,0
Urban Infrastructure,326.1,80,68.8,69.4,2,22,61.8,72.8,2,20.1,1,83
Highway,139.0,129,83.2,79.9,1,6,68.8,74.3,3,17.9,0,0
Irrigation,311.1,432,82.6,70.9,2,34,61.2,41.0,9,27.9,0,0
Highway,266.2,133,51.9,38.4,1,9,80.2,82.5,8,24.2,0,0
Urban Infrastructure,211.2,411,94.2,77.2,2,24,73.4,58.4,7,18.3,1,42
Irrigation,167.7,117,65.4,46.8,0,49,77.0,70.7,17,15.9,0,0
Railway,350.0,249,99.2,93.6,0,11,59.2,49.1,18,25.5,1,23
Highway,176.4,205,50.7,13.2,1,12,50.4,34.0,4,18.8,1,242
Railway,940.9,899,77.1,49.7,3,17,76.3,63.2,2,45.0,1,225
Industrial Corridor,376.7,119,69.0,65.4,1,17,94.0,85.3,7,20.2,0,0
Highway,354.1,172,40.4,34.3,0,22,85.1,71.2,11,29.7,1,58
Highway,234.4,300,82.5,79.2,3,28,94.6,82.3,14,25.0,0,0
Urban Infrastructure,197.4,191,41.2,28.1,2,9,66.2,60.3,6,22.8,1,42
Industrial Corridor,45.4,89,67.3,72.9,1,19,43.6,41.1,4,35.9,0,0
Highway,146.8,129,89.7,92.8,0,7,45.4,8.2,9,32.4,1,32
Highway,57.2,56,63.5,85.8,2,31,90.6,88.2,6,32.2,1,15
Urban Infrastructure,56.4,25,57.5,55.1,0,40,25.8,0.0,7,32.0,1,15
Industrial Corridor,96.4,133,84.8,61.9,0,14,93.1,94.4,10,8.2,0,0
Irrigation,589.6,76,68.0,62.1,4,21,47.2,26.0,6,30.8,1,198
Highway,587.7,463,65.5,58.8,5,47,100.0,64.2,3,23.3,1,37
Highway,149.6,150,92.4,80.5,0,25,61.6,57.7,5,20.4,0,0
Highway,74.2,63,53.3,59.3,0,7,77.5,78.5,5,64.1,0,0
Industrial Corridor,190.6,133,64.6,56.2,0,4,100.0,97.4,5,9.8,0,0
Highway,425.8,278,85.9,65.4,1,10,56.4,47.7,2,25.0,0,0
Highway,512.6,368,52.3,40.0,0,16,56.1,42.3,20,24.1,1,60
Industrial Corridor,307.9,108,100.0,78.3,1,33,49.1,40.7,3,25.1,0,0
Urban Infrastructure,347.0,293,68.5,42.8,0,15,43.0,40.3,11,14.8,1,51
Industrial Corridor,323.9,144,86.0,68.7,0,7,56.4,18.1,4,28.5,1,117
Railway,61.4,31,86.0,88.0,2,15,51.9,45.9,6,13.6,0,0
Railway,81.4,26,69.6,66.4,0,16,38.0,38.3,7,29.1,1,63
Railway,769.3,2272,64.3,29.3,6,10,58.8,37.3,5,27.7,1,15
Railway,306.9,248,71.3,58.9,2,15,72.0,50.3,16,23.3,0,0
Irrigation,34.1,10,83.4,72.9,0,21,45.1,14.9,37,25.2,0,0
Railway,361.5,275,56.2,60.2,3,4,59.8,21.9,2,43.4,1,16
Irrigation,123.7,169,52.7,46.0,3,16,91.1,76.9,13,32.4,1,66
Urban Infrastructure,540.0,453,95.7,77.7,3,80,34.6,29.9,8,27.9,1,129
Urban Infrastructure,502.5,346,60.2,52.0,5,24,100.0,100.0,6,30.7,0,0
Highway,409.9,172,77.7,77.0,3,34,49.5,54.6,12,26.4,1,49
Railway,304.4,256,68.8,64.8,1,47,67.0,54.9,14,32.1,1,31
Highway,627.0,686,69.5,44.8,2,53,88.6,97.3,7,19.3,0,0
Railway,668.7,736,94.9,77.6,4,12,94.7,100.0,15,50.3,0,0
Highway,126.5,100,70.6,55.1,2,4,72.4,62.4,1,28.1,1,86
Highway,406.9,322,66.3,52.1,1,38,49.1,28.4,11,57.1,1,28
Industrial Corridor,169.2,253,67.7,76.3,1,16,47.3,42.0,7,50.4,0,0
Railway,111.3,157,63.9,52.1,1,17,51.5,29.0,8,20.5,1,53
Urban Infrastructure,668.3,421,61.3,38.3,7,28,100.0,81.8,13,28.6,1,26
Highway,451.8,840,64.0,59.7,4,19,55.3,29.1,10,30.0,0,0
Highway,322.4,91,98.6,76.9,2,23,69.5,27.9,20,36.3,1,105
Railway,137.0,112,83.4,67.8,0,24,42.1,0.0,22,27.4,1,32
Highway,681.1,588,66.5,46.9,3,38,39.9,19.9,6,39.3,1,113
Highway,122.2,49,87.7,79.0,1,26,63.5,61.4,3,6.6,0,0
Urban Infrastructure,99.5,24,46.6,26.2,0,7,56.5,46.6,7,19.3,1,15
Highway,266.8,109,94.0,100.0,1,7,58.0,25.4,4,23.9,0,0
Highway,425.7,520,92.7,84.2,5,11,33.4,37.8,5,18.7,0,0
Irrigation,205.4,255,100.0,82.0,3,25,61.5,30.8,8,6.9,1,51
Railway,1600.0,1696,88.2,76.1,6,8,94.0,87.5,2,35.7,1,29
Irrigation,300.9,135,79.0,55.7,3,8,45.9,33.5,10,13.8,0,0
Railway,168.6,211,92.7,86.9,2,24,80.9,84.0,7,18.6,0,0
Industrial Corridor,184.1,86,62.0,61.7,1,12,0.0,10.9,4,34.3,1,190
Highway,825.3,697,65.7,80.6,5,50,47.0,42.2,1,39.5,1,18
Railway,248.7,178,71.0,66.8,2,12,24.8,0.0,13,19.8,1,29
Irrigation,653.2,367,93.9,78.7,3,31,87.7,89.2,14,14.6,0,0
Urban Infrastructure,54.3,56,58.3,39.6,1,17,80.6,47.4,13,17.1,0,0
Railway,547.2,629,56.6,68.2,2,6,42.3,41.9,4,38.3,1,91
Irrigation,142.7,62,75.8,51.3,0,12,68.8,75.8,9,38.9,0,0
Highway,459.1,340,83.5,89.1,1,18,87.0,74.2,14,29.7,0,0
Highway,141.7,158,60.8,54.5,1,12,90.1,70.9,9,28.7,0,0
Highway,194.6,16,82.7,82.7,0,46,54.9,43.1,8,11.5,0,0
Industrial Corridor,108.4,99,93.9,80.1,1,9,18.8,7.5,19,31.1,0,0
Highway,465.1,525,91.2,81.9,2,14,45.0,12.0,18,34.6,1,15
Industrial Corridor,514.8,481,77.7,60.2,2,26,78.3,67.9,5,27.8,0,0
Highway,146.6,141,70.6,36.8,0,60,100.0,98.1,5,28.2,1,41
Urban Infrastructure,69.5,47,99.8,86.2,1,28,61.9,69.9,4,14.7,0,0
Industrial Corridor,647.2,702,72.2,72.3,2,25,50.9,22.8,2,38.9,0,0
Highway,161.4,50,87.0,72.5,2,34,100.0,97.4,16,11.0,0,0
Highway,239.1,98,100.0,64.8,2,41,71.1,67.0,9,25.8,0,0
Highway,125.5,119,85.4,68.2,2,47,38.4,13.6,5,31.0,1,15
Urban Infrastructure,435.3,473,56.0,34.8,3,28,60.6,20.8,8,38.6,1,67
Highway,442.7,607,52.2,66.5,2,22,83.0,70.2,17,37.6,0,0
Irrigation,717.4,1223,67.2,53.8,3,9,61.6,54.7,2,38.5,1,122
Railway,557.8,253,83.4,79.2,3,23,78.9,70.0,16,22.7,1,26
Industrial Corridor,532.7,185,79.1,80.6,1,53,30.9,28.7,7,51.6,0,0
Railway,255.8,308,100.0,92.3,1,2,34.3,30.6,10,38.0,0,0
Railway,233.0,127,79.0,69.5,0,44,48.3,44.6,10,22.1,1,177
Urban Infrastructure,431.2,302,66.8,67.5,3,22,57.4,34.7,18,22.8,1,25
Highway,245.3,279,53.9,43.3,2,37,69.7,62.0,4,34.4,1,128
Industrial Corridor,570.4,464,90.9,85.3,3,29,75.7,46.3,25,20.9,0,0
Highway,118.8,127,71.9,54.1,1,20,100.0,92.7,3,11.9,1,66
Railway,53.1,23,47.9,36.7,1,22,48.2,44.7,5,26.9,0,0
Urban Infrastructure,397.3,346,72.4,59.1,4,31,56.7,28.5,11,2.0,0,0
Irrigation,178.0,153,56.1,34.4,2,10,48.8,39.5,17,29.9,1,15
Irrigation,103.6,141,65.2,49.4,0,20,84.6,77.5,4,33.0,0,0
Highway,1009.7,1546,72.1,64.2,3,28,85.7,76.2,3,23.1,0,0
Railway,273.6,147,57.5,78.7,2,33,54.0,23.0,17,38.6,1,36
Railway,83.3,31,64.2,49.0,1,31,100.0,86.4,6,35.4,0,0
Irrigation,161.5,178,60.1,64.9,1,16,48.8,21.1,6,14.8,0,0
Railway,218.3,49,60.5,53.7,0,21,83.6,78.1,8,26.5,1,43
Railway,391.7,449,55.9,42.7,2,7,92.1,66.8,7,20.3,1,110
Highway,162.2,194,64.3,37.6,0,42,35.8,23.2,11,22.4,1,120
Highway,241.8,124,57.7,23.9,1,24,74.6,52.4,3,38.6,1,117
Railway,330.3,33,81.4,86.3,0,21,8.5,0.0,2,32.9,0,0
Highway,374.7,476,75.2,85.6,0,21,79.5,84.6,10,18.1,0,0
Urban Infrastructure,255.1,406,91.1,78.5,2,17,41.0,30.9,10,28.5,0,0
Irrigation,816.9,1251,100.0,88.6,2,34,74.3,50.9,11,17.7,0,0
Highway,438.4,684,82.8,91.6,6,21,78.1,52.4,11,20.7,0,0
Irrigation,422.1,124,79.2,71.4,0,9,85.4,57.6,2,42.9,0,0
Industrial Corridor,411.6,310,83.8,67.4,2,11,80.8,70.2,11,54.0,1,124
Highway,573.3,491,79.5,88.7,1,6,64.1,32.0,10,45.6,0,0
Highway,314.9,246,72.8,78.7,2,52,55.4,56.3,3,29.1,0,0
Highway,117.1,125,71.5,72.5,1,18,61.5,74.9,14,28.0,0,0
Highway,362.4,130,55.7,50.7,1,55,40.7,35.9,4,37.2,0,0
Industrial Corridor,394.8,87,85.4,67.7,0,23,58.8,31.9,4,27.1,0,0
Urban Infrastructure,632.7,107,71.5,68.1,1,15,57.2,64.5,11,10.3,0,0
Highway,107.1,138,95.2,86.4,1,18,47.2,60.2,3,46.0,0,0
Industrial Corridor,131.1,38,86.6,47.2,2,22,28.2,45.0,6,12.9,1,15
Highway,280.1,218,62.0,67.4,2,9,37.5,17.5,6,39.3,1,38
Irrigation,419.6,208,91.9,93.0,2,7,0.0,12.7,5,34.4,0,0
Industrial Corridor,90.2,46,31.0,13.5,1,39,56.8,39.6,4,46.5,1,82
Railway,109.7,70,100.0,78.2,3,14,70.2,66.1,23,35.5,0,0
Highway,488.9,257,50.6,36.8,2,56,9.3,11.9,11,19.5,1,122
Irrigation,93.6,21,79.9,46.6,1,29,67.7,73.7,5,37.9,1,48
Urban Infrastructure,132.6,85,78.8,66.4,1,14,60.6,48.5,5,22.0,0,0
Highway,509.7,220,90.0,100.0,1,70,39.5,41.8,9,15.2,1,35
Highway,415.5,173,66.7,57.3,0,41,54.4,45.5,6,5.9,1,15
Highway,163.5,302,37.7,37.7,0,5,84.0,69.0,9,24.6,1,45
Irrigation,383.3,100,66.8,39.4,0,11,43.5,25.3,3,7.4,0,0
Irrigation,334.0,208,68.5,47.0,1,16,64.6,41.6,8,41.8,0,0
Industrial Corridor,247.8,203,39.2,53.5,0,64,69.9,58.4,12,8.7,1,74
Industrial Corridor,201.4,373,72.7,45.8,3,3,46.6,53.4,8,21.8,1,20
Urban Infrastructure,372.9,125,54.8,33.6,2,25,83.2,67.2,6,22.3,1,25
Industrial Corridor,101.3,151,82.4,78.9,1,81,71.1,52.3,10,27.9,0,0
Highway,370.0,237,68.1,61.2,1,17,58.0,51.7,1,16.5,0,0
Irrigation,312.4,204,100.0,72.5,2,24,100.0,95.3,12,38.5,0,0
Highway,328.5,340,67.9,87.5,1,14,83.3,37.2,2,27.8,1,22
Railway,127.7,207,78.9,64.7,1,10,29.3,39.7,13,25.8,0,0
Urban Infrastructure,643.0,336,68.6,45.3,2,33,55.2,38.8,6,18.8,1,20
Irrigation,164.0,140,46.0,39.2,5,33,100.0,75.3,1,32.0,1,51
Urban Infrastructure,185.3,146,68.7,51.6,0,27,43.4,39.5,12,41.4,1,22
Railway,240.6,184,84.1,74.7,1,12,64.3,57.8,14,55.6,1,79
Irrigation,414.8,473,81.6,84.6,1,27,87.6,84.6,6,15.6,0,0
Railway,321.6,145,67.3,70.6,1,5,76.0,67.0,14,24.5,1,94
Highway,67.0,38,48.7,30.7,2,29,78.9,56.4,9,5.0,0,0
Highway,270.7,61,82.3,83.2,1,10,77.8,71.8,10,33.5,0,0
Irrigation,287.4,284,78.7,92.0,3,9,63.5,7.8,15,11.0,1,15
Highway,653.2,485,85.5,75.8,1,53,47.2,45.0,9,29.0,1,28
Urban Infrastructure,215.6,344,67.6,66.8,4,1,71.7,42.0,12,39.6,1,36
Highway,390.6,128,45.1,53.9,0,17,54.9,37.7,22,21.5,1,77
Highway,1308.3,2592,80.5,71.5,3,5,53.4,42.8,12,15.7,1,181
Industrial Corridor,581.6,631,71.9,53.2,3,22,92.6,61.5,6,40.5,0,0
Highway,121.8,13,94.3,86.0,1,11,55.4,70.4,9,33.8,0,0
Urban Infrastructure,452.7,479,72.5,79.4,2,6,97.1,81.7,5,13.6,0,0
Industrial Corridor,371.0,181,71.3,56.6,2,14,68.1,69.8,9,27.5,0,0
Highway,210.2,127,78.7,56.2,0,8,59.8,57.3,6,16.6,0,0
Irrigation,456.3,248,62.4,23.4,0,9,26.6,24.8,10,37.7,1,173
Irrigation,120.3,173,61.7,33.5,3,30,100.0,100.0,13,27.4,0,0
Industrial Corridor,166.7,33,70.4,76.5,0,5,62.9,78.7,5,42.8,1,92
Industrial Corridor,242.5,161,57.3,37.3,1,23,17.6,2.8,8,15.8,1,31
Industrial Corridor,202.8,141,68.3,56.7,1,17,82.8,74.8,4,28.5,0,0
Irrigation,423.6,225,100.0,100.0,0,10,62.0,57.5,5,25.9,0,0
Railway,265.3,103,88.7,76.7,1,30,44.4,24.0,9,28.8,1,15
Irrigation,187.3,23,76.9,42.0,2,57,81.6,65.8,6,19.8,0,0
Urban Infrastructure,575.3,385,96.8,72.1,5,18,12.0,7.0,17,2.0,1,392
Irrigation,412.9,407,58.8,65.0,1,19,48.7,0.0,2,33.5,1,43
Irrigation,80.2,60,100.0,91.8,1,7,57.0,32.7,19,26.6,0,0
Railway,78.7,31,64.6,49.7,2,5,80.0,34.3,12,16.9,1,15
Industrial Corridor,188.4,132,100.0,100.0,3,17,100.0,97.2,11,20.5,0,0
Urban Infrastructure,89.7,144,100.0,100.0,0,3,58.1,45.4,12,13.1,0,0
Highway,516.2,240,43.9,33.7,4,3,72.2,81.8,12,5.6,0,0
Highway,173.1,140,95.5,85.2,1,25,100.0,96.0,6,37.4,0,0
Irrigation,390.2,343,67.5,85.2,0,5,63.1,62.9,13,32.3,1,73
Railway,448.5,123,62.9,49.5,1,26,72.4,18.5,9,11.1,1,61
Irrigation,45.9,27,80.4,57.2,2,43,38.3,39.7,2,53.8,0,0
Highway,179.4,106,55.9,51.0,3,24,100.0,94.5,5,13.6,0,0
Railway,234.3,170,80.0,71.2,1,4,48.7,61.5,4,33.9,0,0
Irrigation,331.7,467,56.9,40.9,3,71,68.4,51.4,7,26.0,1,61
Irrigation,497.1,159,74.8,60.7,3,20,67.8,72.3,2,12.1,0,0
Irrigation,1038.4,1513,93.4,100.0,6,18,64.7,41.9,12,29.8,1,15
Industrial Corridor,765.6,788,78.2,82.9,1,16,54.3,72.1,13,24.0,0,0
Irrigation,263.0,529,66.2,63.7,3,10,67.8,60.6,6,19.0,1,165
Industrial Corridor,260.7,41,80.7,84.8,0,7,98.1,100.0,10,40.5,0,0
Irrigation,714.9,67,49.5,21.0,0,1,100.0,98.4,18,32.9,0,0
Irrigation,273.6,721,58.6,41.7,3,5,59.5,54.8,6,33.9,1,80
Irrigation,176.2,47,65.1,72.6,1,15,54.0,54.0,6,23.6,0,0
Highway,521.8,212,84.6,79.6,1,25,46.8,45.3,6,29.9,1,15
Highway,343.0,140,78.5,54.7,0,8,100.0,76.4,11,25.7,0,0
Irrigation,77.6,78,80.6,81.6,1,23,65.6,24.0,6,31.5,0,0
Urban Infrastructure,217.0,135,71.6,51.7,1,14,85.3,71.2,7,15.3,0,0
Irrigation,92.3,42,59.4,32.0,1,17,76.9,80.8,11,2.0,0,0
Highway,20.4,37,95.8,70.8,2,35,100.0,90.0,10,40.9,0,0
Irrigation,833.8,112,60.8,50.3,1,23,58.0,54.3,5,25.8,0,0
Highway,299.4,376,78.7,53.2,0,27,40.9,18.6,4,32.3,1,34
Industrial Corridor,223.2,153,70.2,69.5,1,76,100.0,86.7,6,18.5,0,0
Industrial Corridor,187.3,83,81.0,38.2,2,8,81.1,95.8,7,23.5,0,0
Irrigation,277.4,133,62.3,50.9,1,33,72.1,46.6,9,42.7,1,305
Irrigation,185.4,108,88.8,64.7,2,26,93.7,70.2,8,30.0,1,56
Railway,123.7,51,94.1,91.2,0,26,73.3,41.9,3,50.3,1,57
Railway,194.0,222,87.9,72.9,3,21,94.4,93.1,6,35.8,0,0
Urban Infrastructure,670.2,369,74.5,58.9,0,24,67.9,54.4,2,18.7,0,0
Industrial Corridor,514.0,540,65.0,70.0,4,14,81.0,89.8,9,30.9,1,56
Railway,194.2,94,100.0,100.0,0,19,73.5,65.3,4,44.5,0,0
Railway,888.1,711,56.1,51.0,3,39,56.5,41.5,2,28.4,0,0
Highway,260.7,209,86.1,62.6,2,11,58.9,59.4,6,33.1,1,49
Highway,148.0,107,77.3,94.9,1,12,55.1,41.0,9,41.5,0,0
Highway,353.6,524,71.0,68.1,3,25,68.3,56.8,8,2.0,1,15
Railway,739.1,1159,75.0,48.7,2,23,53.9,51.6,19,33.7,1,147
Urban Infrastructure,649.8,721,63.8,73.0,1,14,71.7,41.7,2,40.8,1,105
Railway,154.0,203,78.8,53.2,0,26,71.0,65.5,2,17.6,0,0
Highway,103.3,111,77.1,84.9,1,25,67.1,56.1,5,37.5,0,0
Highway,208.1,109,100.0,100.0,1,68,67.5,80.5,12,25.9,0,0
Railway,395.1,258,89.1,83.2,4,83,51.7,34.9,5,7.4,0,0
Industrial Corridor,469.4,73,80.3,46.1,0,25,57.4,55.6,4,34.7,0,0
Railway,591.1,218,81.2,82.2,0,35,29.6,6.2,10,25.9,0,0
Industrial Corridor,311.2,83,100.0,100.0,3,25,60.6,71.3,6,25.2,0,0
Industrial Corridor,318.4,141,56.5,68.1,1,17,43.3,27.8,15,33.1,1,53
Highway,303.1,254,69.1,48.1,1,26,65.0,88.7,6,15.6,1,32
Irrigation,541.8,278,41.5,52.5,1,17,48.7,30.5,13,34.5,1,27
Urban Infrastructure,475.0,558,80.9,56.3,5,20,22.0,15.6,7,16.0,1,96
Railway,149.5,57,85.6,76.6,0,18,100.0,85.0,10,42.6,0,0
Highway,436.9,446,56.1,48.6,0,19,58.4,58.4,14,38.5,1,27
Urban Infrastructure,519.1,185,95.0,82.8,0,11,91.9,97.1,2,42.9,0,0
Urban Infrastructure,546.5,778,60.5,63.7,1,33,52.5,50.0,1,31.1,1,87
Irrigation,343.3,130,66.5,56.6,2,26,97.0,85.1,2,21.3,1,48
Irrigation,330.4,309,73.9,82.6,3,11,40.0,22.4,4,18.1,1,109
Highway,269.0,121,97.5,70.6,1,18,66.5,52.9,14,17.4,0,0
Industrial Corridor,289.6,493,58.3,64.7,3,8,41.2,46.3,20,24.1,1,203
Railway,802.5,1334,76.7,62.6,3,22,100.0,63.4,7,18.5,1,21
Highway,296.6,272,84.4,90.9,2,39,58.0,44.0,6,29.6,1,28
Irrigation,159.4,144,81.1,80.6,0,15,79.6,79.9,9,17.1,0,0
Urban Infrastructure,348.3,392,81.7,78.9,4,33,72.0,56.6,5,19.2,1,21
Industrial Corridor,463.3,469,84.2,34.5,2,19,62.5,49.7,9,21.8,1,45
Highway,531.7,645,63.1,55.3,0,15,73.4,67.0,14,17.5,1,44
Highway,122.5,46,99.0,100.0,4,10,90.2,85.6,9,22.2,0,0
Urban Infrastructure,699.7,505,70.2,68.4,3,16,76.4,52.6,3,32.4,1,46
Urban Infrastructure,451.8,214,68.1,81.2,1,33,66.2,31.3,7,16.3,0,0
Irrigation,674.5,1112,93.6,87.9,1,24,73.4,94.9,22,12.8,1,48
Irrigation,86.5,26,61.9,28.0,0,9,100.0,72.5,10,24.0,0,0
Railway,560.1,1016,77.1,64.4,4,27,54.7,45.4,5,13.5,1,38
Railway,117.6,86,60.4,39.8,4,21,25.9,13.3,4,40.7,1,160
Highway,226.8,278,100.0,100.0,3,8,41.1,11.8,5,18.3,0,0
Highway,461.7,236,100.0,94.8,3,6,42.6,73.4,12,26.5,0,0
Highway,107.9,30,70.2,59.3,1,6,45.4,24.2,8,31.0,0,0
Industrial Corridor,184.3,297,80.3,82.5,3,35,46.1,17.9,4,12.1,1,35
Highway,85.1,82,72.1,58.5,2,8,62.5,63.8,13,16.7,1,30
Highway,453.6,145,66.4,49.8,0,15,67.9,79.8,21,19.1,0,0
Irrigation,147.5,99,73.9,58.3,2,25,67.7,34.1,9,34.6,1,19
Highway,283.2,181,71.4,65.5,1,24,48.4,65.7,15,46.1,1,73
Highway,371.5,351,47.7,24.4,1,24,82.9,67.6,3,46.4,1,93
Irrigation,345.6,128,76.2,71.8,1,7,73.7,49.4,7,40.0,0,0
Railway,324.2,102,71.3,68.2,1,26,94.6,79.7,3,12.4,0,0
Irrigation,323.7,253,77.0,48.8,5,15,79.9,62.4,12,16.4,0,0
Urban Infrastructure,90.4,35,70.8,78.3,0,20,56.0,51.0,7,41.3,1,36
Highway,236.1,387,66.2,82.0,3,19,89.1,73.2,1,42.8,0,0
Urban Infrastructure,321.7,372,86.0,90.1,3,17,68.5,70.1,3,34.8,0,0
Urban Infrastructure,297.7,339,80.5,67.1,3,38,79.0,78.7,7,34.9,0,0
Industrial Corridor,256.6,39,94.3,68.3,1,34,77.4,67.9,2,21.3,1,50
Irrigation,164.0,86,79.9,81.1,0,103,60.5,74.6,3,44.9,0,0
Irrigation,340.4,203,68.8,35.4,2,49,65.1,47.4,14,18.0,1,15
Irrigation,384.8,133,81.9,73.5,2,4,60.4,88.6,4,8.3,0,0
Irrigation,203.6,206,40.3,33.9,1,18,45.9,31.5,9,34.8,1,108
Highway,534.1,499,100.0,100.0,0,46,20.1,4.2,13,19.6,0,0
Urban Infrastructure,709.0,788,76.4,41.1,3,17,49.1,52.0,11,11.7,1,71
Irrigation,287.3,374,100.0,94.1,1,14,67.0,76.5,18,35.7,0,0
Industrial Corridor,152.2,192,58.1,68.7,1,7,84.7,81.8,13,5.9,0,0
Railway,106.7,295,54.1,11.7,3,6,78.9,60.3,8,31.0,0,0
Highway,224.3,159,77.9,64.4,3,32,57.4,43.2,2,21.1,0,0
Railway,272.4,173,77.8,58.6,0,20,49.4,57.1,7,43.6,1,52
Railway,101.9,102,77.4,45.9,1,2,59.4,48.8,12,31.0,0,0
Railway,219.2,315,75.0,58.4,1,39,43.5,30.6,4,37.8,0,0
Railway,516.1,114,62.0,40.4,1,43,20.7,8.4,14,14.1,1,67
Highway,38.4,16,48.2,39.4,1,16,32.1,37.9,7,7.4,0,0
Irrigation,300.2,148,76.5,58.2,1,19,90.5,79.2,12,22.0,0,0
Railway,183.4,138,51.5,44.0,1,50,100.0,77.2,11,32.7,1,60
Urban Infrastructure,278.5,147,50.0,42.3,0,15,78.1,61.0,12,26.8,0,0
Highway,733.3,963,65.9,56.2,1,3,61.8,46.6,5,38.7,1,15
Highway,269.2,220,78.9,76.5,1,32,35.1,1.5,18,32.0,1,58
Highway,242.0,161,100.0,84.9,3,42,59.8,48.3,16,14.5,0,0
Irrigation,434.4,408,87.7,72.7,1,21,75.2,78.8,8,31.1,0,0
Railway,343.6,60,94.9,75.4,1,8,79.6,83.2,3,27.9,0,0
Irrigation,301.1,275,82.5,65.5,0,46,76.8,65.2,5,40.0,0,0
Urban Infrastructure,352.1,139,77.9,41.9,0,13,87.2,99.8,5,15.8,0,0
Highway,608.6,718,100.0,77.3,4,9,100.0,95.7,2,18.7,0,0
Irrigation,494.6,98,50.8,45.7,1,21,54.9,38.9,5,30.4,1,22
Highway,229.9,225,65.4,51.1,2,16,100.0,73.4,1,41.6,0,0
Highway,708.7,285,66.6,38.8,1,30,22.6,36.8,10,23.8,1,30
Railway,192.1,279,86.3,91.6,2,75,47.4,36.9,7,32.6,0,0
Highway,300.2,71,56.3,20.1,1,9,67.0,59.0,12,26.4,1,60
Irrigation,324.6,238,84.2,87.0,2,34,74.0,64.4,6,25.5,1,15
Irrigation,221.9,240,81.3,60.7,4,15,59.4,48.3,2,38.7,1,78
Industrial Corridor,660.6,582,85.0,76.9,5,30,53.1,44.6,3,27.2,0,0
Railway,213.8,188,84.7,77.4,1,21,100.0,70.1,7,21.1,0,0
Irrigation,254.3,76,96.6,100.0,1,13,52.1,24.4,7,20.5,0,0
Railway,542.0,154,71.2,50.5,2,35,42.6,1.5,5,22.6,1,91
Highway,197.6,170,80.5,90.5,1,14,96.8,88.0,4,18.4,0,0
Highway,98.2,77,60.2,72.4,0,9,80.0,77.2,12,23.4,0,0
Irrigation,306.2,109,56.6,32.4,1,33,84.9,90.4,2,26.6,0,0
Urban Infrastructure,124.9,43,100.0,66.9,0,9,66.9,65.7,9,29.2,0,0
Highway,113.5,76,59.0,60.3,0,32,35.5,15.8,6,15.2,0,0
Irrigation,39.4,22,82.3,60.3,0,20,64.7,42.7,12,21.4,0,0
Industrial Corridor,45.4,90,80.5,61.3,0,21,32.7,13.6,22,21.9,0,0
Industrial Corridor,49.2,74,90.8,84.1,2,8,67.8,68.8,3,17.6,0,0
Irrigation,768.3,887,45.5,18.8,1,21,76.1,77.0,11,19.6,1,52
Irrigation,49.0,79,86.3,80.6,0,13,84.5,46.2,11,35.9,0,0
Irrigation,122.3,57,71.1,55.9,1,52,61.2,64.7,4,41.0,1,34
Urban Infrastructure,257.4,133,62.4,72.0,4,6,78.0,47.8,5,22.6,1,205
Highway,421.7,581,68.0,77.0,1,40,44.9,29.8,6,18.2,0,0
Urban Infrastructure,450.8,331,88.6,64.2,2,43,82.3,84.3,10,25.1,0,0
Highway,152.3,116,83.7,68.0,4,27,76.5,85.3,8,26.9,0,0
Industrial Corridor,296.4,97,70.0,64.0,0,50,47.0,48.3,16,33.6,0,0
Highway,252.0,338,53.8,19.1,1,16,73.6,58.3,4,21.6,0,0
Highway,284.6,286,54.9,20.3,2,17,84.8,89.4,7,20.0,1,87
Highway,311.7,188,84.0,69.9,0,28,64.6,32.3,9,53.0,0,0
Railway,370.7,192,51.6,64.0,3,16,46.5,40.6,6,11.8,0,0
Railway,180.8,265,70.1,63.7,0,2,66.6,47.1,3,35.9,0,0
Highway,592.0,279,100.0,100.0,1,6,74.0,55.7,14,42.4,0,0
Railway,215.0,55,79.4,70.1,1,7,46.4,13.1,9,23.2,0,0
Railway,1010.3,1529,83.9,89.0,4,33,42.8,40.4,2,30.8,1,226
Industrial Corridor,189.4,290,55.0,63.7,1,19,73.4,62.8,5,7.6,0,0
Urban Infrastructure,300.1,141,52.4,76.1,1,32,79.5,91.5,4,26.3,1,15
Irrigation,253.6,555,84.7,74.4,2,35,100.0,89.5,19,38.8,1,15
Highway,291.9,199,67.5,91.7,2,16,76.3,50.2,6,27.3,0,0
Highway,551.3,261,90.8,87.3,0,24,38.8,26.5,17,26.4,0,0
Urban Infrastructure,243.3,240,74.3,56.6,2,6,100.0,56.3,10,45.1,0,0
Highway,109.5,32,100.0,100.0,3,11,84.1,67.3,9,35.0,1,15
Railway,178.3,69,64.4,71.6,0,15,22.9,22.0,5,33.8,0,0
Urban Infrastructure,243.7,210,78.2,71.1,3,19,42.4,26.6,6,17.1,0,0
Urban Infrastructure,318.8,246,59.3,62.9,1,5,53.2,66.2,3,2.0,0,0
Railway,152.9,187,90.1,79.5,0,15,79.8,82.8,13,30.1,0,0
Irrigation,166.5,54,80.6,87.1,0,9,15.4,24.7,13,26.1,0,0
Railway,326.8,647,58.2,51.7,2,70,60.6,51.4,9,34.4,1,76
Industrial Corridor,334.6,186,68.5,65.3,3,20,78.6,70.5,8,27.4,1,61
Highway,501.9,379,95.5,87.7,1,31,6.3,0.0,7,26.5,0,0
Highway,176.6,95,93.6,62.7,1,31,77.9,70.4,19,26.3,0,0
Irrigation,395.3,115,51.0,40.2,1,21,80.3,86.3,15,13.8,0,0
Highway,254.0,179,66.1,51.0,6,26,46.1,13.7,9,5.7,0,0
Irrigation,196.5,211,100.0,100.0,1,24,39.9,75.1,5,16.3,0,0
Railway,260.0,167,70.9,59.8,1,24,45.8,36.2,5,13.9,0,0
Urban Infrastructure,286.2,119,76.5,72.3,2,47,9.6,0.0,18,25.5,0,0
Industrial Corridor,99.5,124,90.0,81.6,2,20,56.5,47.7,4,8.0,1,127
Railway,106.5,136,52.3,35.2,4,9,67.4,50.9,7,20.8,1,15
Industrial Corridor,431.5,268,58.6,57.6,0,32,38.6,27.9,11,47.2,1,68
Highway,211.1,189,68.4,66.0,2,7,82.4,65.9,13,25.2,1,62
Railway,320.4,397,92.9,91.7,1,17,65.1,65.1,9,26.5,0,0
Highway,423.1,451,89.9,89.0,3,13,68.2,81.1,8,26.2,0,0
Urban Infrastructure,261.1,229,85.1,74.7,1,16,55.0,46.7,8,28.3,1,62
Industrial Corridor,400.1,416,71.4,68.5,1,27,77.9,84.3,6,20.2,0,0
Urban Infrastructure,287.5,267,91.7,62.7,4,26,88.8,90.7,3,24.2,0,0
Urban Infrastructure,296.9,217,71.2,25.7,2,16,54.8,28.4,12,20.0,0,0
Urban Infrastructure,580.3,185,82.8,82.8,1,11,78.2,45.8,5,9.6,0,0
Highway,241.3,90,88.2,76.1,1,36,78.4,52.3,3,38.9,0,0
Urban Infrastructure,434.7,414,100.0,77.5,0,28,71.4,48.0,4,16.3,0,0
Irrigation,84.2,45,72.7,68.4,1,5,96.5,86.6,9,43.6,0,0
Railway,312.5,292,67.8,73.7,4,5,48.5,24.3,11,17.6,0,0
Irrigation,674.8,211,94.3,62.0,2,13,54.6,40.3,8,11.1,0,0
Railway,1055.6,465,95.5,77.9,1,3,47.5,9.3,7,47.3,1,20
Highway,88.2,57,64.9,52.4,2,6,77.5,82.3,7,9.7,0,0
Highway,210.3,27,55.9,27.6,1,22,57.6,38.5,4,2.0,1,101
Highway,127.3,51,93.1,74.3,0,25,49.1,59.1,13,10.1,0,0
Railway,248.3,119,47.3,40.0,3,17,96.3,77.1,4,24.5,0,0
Urban Infrastructure,481.4,388,46.5,52.2,3,17,99.2,100.0,9,11.3,0,0
Irrigation,593.6,366,69.3,68.2,0,13,56.4,65.6,13,19.8,1,117
Irrigation,605.8,503,73.6,48.7,2,11,35.7,45.9,9,3.6,1,28
Railway,81.0,60,55.0,37.5,1,31,100.0,87.2,11,38.0,1,47
Railway,281.9,170,75.5,70.1,1,33,72.4,58.1,5,30.6,0,0
Highway,173.8,83,76.3,43.6,2,16,71.4,25.6,9,12.1,0,0
Industrial Corridor,238.0,181,64.3,58.5,0,6,65.1,57.5,12,2.0,0,0
Highway,193.1,277,100.0,78.2,1,11,47.0,26.4,12,16.1,0,0
Industrial Corridor,84.9,41,78.9,67.8,1,18,54.7,43.3,13,33.2,0,0
Industrial Corridor,597.3,1156,90.1,55.0,3,16,76.6,57.3,6,37.8,1,24
Irrigation,154.1,119,48.7,30.2,1,29,54.0,42.8,14,23.4,0,0
Urban Infrastructure,176.4,209,48.6,40.0,1,10,71.7,46.2,8,20.5,0,0
Highway,677.4,609,79.4,73.9,3,26,63.3,70.1,6,19.6,0,0
Urban Infrastructure,71.5,70,100.0,92.2,0,18,41.9,69.6,18,29.3,0,0
Industrial Corridor,367.1,147,55.8,58.0,1,68,95.4,80.1,2,35.7,0,0
Industrial Corridor,525.2,280,74.3,85.4,0,17,74.9,93.0,8,24.4,0,0
Irrigation,643.8,140,52.2,39.9,3,11,69.6,40.9,5,21.9,1,349
Industrial Corridor,350.5,222,60.5,60.0,2,45,74.1,73.3,12,34.6,1,15
Urban Infrastructure,440.0,454,75.1,74.6,2,16,27.1,33.7,4,42.4,1,144
Railway,525.0,334,64.1,57.3,4,25,53.1,3.6,2,22.8,0,0
Industrial Corridor,251.1,307,51.1,42.4,2,4,32.5,23.8,6,26.9,0,0
Industrial Corridor,137.1,78,50.8,42.7,1,38,65.5,59.7,6,17.7,1,55
Railway,709.7,326,41.8,9.5,1,11,69.5,49.3,5,26.9,1,168
Urban Infrastructure,409.5,212,79.6,62.3,2,7,65.8,44.6,3,15.8,1,32
Railway,281.7,307,81.6,44.1,1,34,86.6,60.5,7,41.6,1,43
Irrigation,89.0,151,81.5,79.6,0,10,33.1,44.1,2,35.7,1,32
Highway,30.6,63,57.5,38.5,3,8,47.0,30.0,7,45.1,1,109
Highway,362.3,371,88.1,85.5,0,6,71.3,66.7,7,19.8,0,0
Industrial Corridor,28.3,34,83.3,83.2,1,13,68.3,73.1,17,48.8,0,0
Railway,279.5,72,72.1,34.1,1,10,36.7,27.0,9,28.7,1,33
Railway,159.8,49,69.5,72.3,0,31,86.9,100.0,2,24.5,1,15
Highway,192.7,79,61.6,84.8,3,10,93.9,71.1,10,39.8,0,0
Railway,610.0,906,75.1,77.0,2,12,71.5,66.9,18,14.8,1,61
Industrial Corridor,161.0,237,97.9,100.0,2,11,32.8,31.0,5,26.4,0,0
Urban Infrastructure,289.4,667,90.2,95.5,2,27,66.2,59.3,7,24.3,0,0
Highway,161.7,66,67.9,71.9,2,33,69.8,63.3,6,30.6,0,0
Irrigation,339.9,231,80.6,72.1,0,18,57.6,31.5,7,21.1,0,0
Railway,307.9,67,54.4,75.1,2,17,89.9,97.3,7,20.1,0,0
Irrigation,279.7,77,83.7,59.0,1,20,60.7,57.4,7,21.8,1,42
Railway,526.3,316,58.7,77.0,0,21,100.0,94.2,5,22.8,0,0
Railway,71.7,30,83.0,76.8,1,29,78.7,85.7,6,26.9,0,0
Railway,54.3,23,100.0,96.5,0,28,68.5,57.1,8,40.2,0,0
Irrigation,104.1,51,62.9,43.3,1,8,81.4,83.3,8,2.3,0,0
Railway,308.9,489,100.0,87.1,2,2,93.6,100.0,9,34.4,0,0
Railway,379.8,502,79.9,55.3,3,22,81.0,64.1,15,20.8,1,15
Industrial Corridor,10.9,5,60.0,57.1,2,6,61.5,29.3,11,24.0,0,0
Industrial Corridor,376.5,490,59.3,57.8,0,25,49.8,40.1,8,14.0,1,56
Railway,214.3,94,100.0,86.2,2,21,40.6,33.1,6,26.5,0,0
Industrial Corridor,721.3,183,79.9,57.5,2,17,14.2,7.1,23,21.7,0,0
Urban Infrastructure,358.2,172,62.9,43.3,1,15,66.5,65.2,2,23.5,0,0
Highway,669.0,570,68.7,56.2,4,32,55.2,28.6,9,32.4,1,127
Irrigation,590.7,236,78.9,67.6,3,26,56.3,45.9,12,33.0,1,94
Highway,214.4,217,71.9,64.4,0,7,83.6,100.0,8,41.6,0,0
Industrial Corridor,482.7,243,77.5,63.8,2,21,60.8,33.8,5,19.5,1,59
Highway,214.0,190,100.0,63.5,2,19,100.0,76.7,10,33.5,0,0
Irrigation,778.2,286,54.0,49.4,3,39,51.5,33.5,4,33.0,1,15
Highway,229.4,165,82.3,79.4,0,43,43.6,75.9,12,27.0,1,33
Railway,392.0,160,70.8,69.0,1,18,37.8,28.8,3,44.5,1,96
Urban Infrastructure,870.6,532,64.0,50.5,5,65,77.5,55.1,16,19.0,1,80
Railway,403.6,788,89.2,100.0,1,10,86.0,71.3,10,27.7,0,0
Urban Infrastructure,197.7,108,48.6,42.5,2,5,51.1,39.0,8,29.4,0,0
Urban Infrastructure,93.7,28,34.1,13.8,0,46,41.7,19.3,7,12.8,1,58
Urban Infrastructure,72.3,54,75.6,75.0,1,9,93.6,82.5,7,39.9,0,0
Highway,375.2,283,69.8,59.2,1,5,34.0,6.9,4,24.8,0,0
Industrial Corridor,259.9,195,50.4,12.9,1,9,83.2,71.8,8,30.8,1,169
Highway,105.8,104,44.6,32.0,2,12,51.6,41.4,6,43.4,1,128
Railway,449.2,238,100.0,100.0,0,3,70.9,48.5,5,28.4,0,0
Urban Infrastructure,445.1,461,79.4,91.1,0,14,84.5,81.5,22,26.4,0,0
Irrigation,256.6,180,72.3,67.8,0,11,72.5,80.0,6,26.7,1,77
Irrigation,687.7,201,100.0,100.0,1,19,57.1,48.0,6,14.9,1,20
Railway,59.7,67,88.4,79.0,1,15,90.9,73.0,14,21.8,0,0
Industrial Corridor,203.5,161,100.0,96.1,1,73,68.8,45.9,4,24.3,0,0
Industrial Corridor,402.2,404,53.1,28.8,5,35,100.0,77.0,16,27.1,1,73
Railway,116.8,37,52.5,59.8,2,5,28.9,20.9,6,41.2,0,0
Urban Infrastructure,478.7,554,81.9,76.8,1,10,28.6,22.2,4,36.2,0,0
Highway,572.3,1282,78.6,67.6,2,12,82.9,82.8,2,19.5,0,0
Highway,19.0,6,92.0,79.2,2,45,62.4,49.7,14,25.7,0,0
Irrigation,702.4,878,45.9,35.8,2,14,78.9,94.5,5,41.4,1,82
Urban Infrastructure,386.0,306,83.3,100.0,1,13,41.0,31.7,6,7.0,0,0
Highway,185.6,131,87.8,78.6,1,6,64.1,12.4,6,23.5,0,0
Highway,78.5,91,87.0,81.1,3,13,72.1,85.7,5,11.6,0,0
Highway,521.0,570,65.5,45.4,2,14,52.1,40.7,10,52.9,1,174
Urban Infrastructure,100.9,144,80.3,62.2,3,20,67.6,52.9,13,34.5,1,48
Highway,385.5,125,59.6,48.2,0,9,35.8,19.2,23,20.5,1,31
Railway,104.7,153,67.3,54.9,0,6,70.9,76.4,16,25.6,0,0
Urban Infrastructure,275.0,243,55.3,28.4,0,6,91.9,75.2,8,17.0,0,0
Highway,506.0,112,59.9,35.8,2,36,38.2,37.2,12,47.9,1,15
Irrigation,187.5,103,68.1,56.2,0,40,37.0,49.4,19,2.0,0,0
Railway,699.4,562,64.1,26.1,1,36,86.8,63.5,13,29.6,1,158
Industrial Corridor,408.5,221,59.9,60.7,0,13,36.7,17.7,8,25.2,0,0
Railway,117.1,77,51.2,59.8,2,35,79.8,85.3,10,14.7,0,0
Railway,84.5,42,100.0,92.2,0,31,64.1,63.3,16,23.2,0,0
Highway,146.2,424,64.0,61.2,2,24,54.6,54.3,2,8.2,0,0
Industrial Corridor,265.6,277,77.3,100.0,2,14,92.3,100.0,7,43.3,0,0
Industrial Corridor,742.0,553,43.9,45.0,3,24,81.6,61.2,1,26.3,1,68
Highway,832.3,302,93.7,80.9,0,5,68.6,47.6,3,36.1,1,40
Railway,181.9,260,74.7,67.5,0,32,19.9,15.9,1,20.7,1,55
Urban Infrastructure,177.5,172,64.9,67.8,1,2,77.2,68.6,6,40.8,0,0
Highway,455.0,176,65.0,56.4,3,14,41.6,30.9,18,26.4,1,69
Highway,452.5,176,85.9,76.2,3,16,58.6,45.9,15,37.8,1,26
Irrigation,629.0,418,24.8,6.8,2,13,63.1,74.3,4,32.2,1,39
Railway,639.8,480,58.8,59.8,1,33,100.0,83.7,10,25.6,0,0
Highway,137.8,142,70.1,49.9,5,5,57.9,66.5,4,37.0,1,62
Railway,69.2,48,69.9,77.2,1,8,34.5,15.3,8,72.0,0,0
Highway,412.5,446,100.0,99.0,1,19,92.4,99.4,17,13.6,0,0
Irrigation,320.7,174,66.6,34.8,2,4,77.5,88.0,3,24.7,0,0
Industrial Corridor,37.8,26,87.8,94.1,2,12,78.3,69.7,9,11.8,0,0
Irrigation,67.5,99,100.0,100.0,2,48,92.8,84.6,12,30.6,0,0
Highway,399.1,443,82.7,92.2,2,32,97.5,86.9,5,28.5,0,0
Industrial Corridor,248.7,179,61.2,64.8,0,54,45.2,49.6,9,47.4,1,119
Highway,405.3,350,51.4,41.5,1,18,35.2,23.2,4,23.2,1,203
Industrial Corridor,110.2,77,83.9,66.0,0,34,79.8,66.3,8,36.5,0,0
Railway,425.4,118,98.3,90.6,2,35,57.8,31.3,8,3.1,0,0
Industrial Corridor,348.9,32,80.7,77.2,1,4,59.6,47.8,3,27.7,0,0
Highway,446.6,778,91.7,100.0,1,10,40.6,40.6,2,16.4,0,0
Highway,192.3,78,100.0,100.0,0,13,74.7,85.9,2,32.5,0,0
Railway,161.0,92,85.4,99.0,0,40,71.0,85.0,10,38.7,0,0
Highway,78.3,205,54.4,36.1,3,7,59.9,46.1,9,19.4,0,0
Highway,217.9,77,72.8,53.5,0,51,35.2,14.3,8,31.9,0,0
Industrial Corridor,556.4,373,93.9,86.5,6,12,87.2,91.6,6,22.1,0,0
Industrial Corridor,658.3,997,68.0,53.8,1,27,68.1,55.3,12,26.5,1,91
Highway,101.7,199,96.1,75.8,1,14,85.4,79.0,6,30.5,0,0
Urban Infrastructure,265.5,255,70.9,61.5,1,2,20.9,1.1,5,15.0,1,15
Industrial Corridor,749.1,1077,77.3,49.8,4,52,64.1,42.1,3,15.0,1,50
Urban Infrastructure,814.4,512,66.4,72.7,5,36,48.7,73.7,7,35.5,0,0
Irrigation,211.1,19,74.6,71.5,3,15,63.7,39.2,8,18.5,0,0
Irrigation,588.8,804,75.4,73.9,2,24,81.9,69.1,1,40.1,0,0
Irrigation,524.6,371,46.3,29.2,3,10,70.4,69.4,7,6.5,1,48
Irrigation,496.6,290,64.9,77.0,1,9,63.4,62.0,11,36.3,0,0
Urban Infrastructure,58.2,32,52.3,24.0,1,36,63.3,53.8,6,26.1,1,95
Highway,173.3,185,65.5,49.6,2,33,31.8,30.4,26,25.0,1,158
Highway,244.7,260,59.3,26.8,1,63,44.9,50.0,7,27.6,1,39
Highway,239.5,173,88.2,80.8,2,34,85.4,87.0,5,10.1,0,0
Urban Infrastructure,263.4,246,88.4,88.1,2,24,52.9,59.5,6,38.3,1,18
Railway,871.4,303,81.0,63.8,2,34,85.8,56.6,9,21.3,0,0
Irrigation,216.7,138,51.7,29.3,2,26,79.5,69.7,23,16.8,1,95
Industrial Corridor,360.3,129,70.4,72.4,1,28,80.6,37.8,5,49.8,0,0
Urban Infrastructure,351.5,123,50.4,70.4,3,31,69.7,55.1,11,22.2,0,0
Highway,265.8,234,69.6,87.2,0,36,54.3,36.5,9,16.5,0,0
Industrial Corridor,107.7,80,82.4,70.7,1,17,60.0,66.9,17,34.9,0,0
Urban Infrastructure,292.3,159,87.9,58.3,0,2,75.8,70.1,4,28.9,0,0
Highway,37.0,23,79.6,89.8,0,18,20.5,10.4,10,37.1,0,0
Industrial Corridor,385.6,356,92.1,87.9,1,8,87.9,88.5,13,26.9,0,0
Railway,29.9,32,76.2,73.1,2,42,53.0,51.0,11,36.5,0,0
Irrigation,362.0,356,68.3,33.4,1,49,61.3,46.0,13,48.6,1,29
Railway,166.0,35,86.0,46.4,3,8,61.4,45.8,6,17.7,1,103
Highway,121.4,15,86.5,72.6,2,14,62.2,73.3,9,21.0,0,0
Highway,459.7,198,63.6,43.0,0,16,36.7,23.4,15,8.4,0,0
Highway,197.8,25,78.1,57.9,3,9,66.0,48.7,2,30.2,1,40
Highway,281.5,458,67.3,77.2,2,26,74.9,74.8,6,27.4,0,0
Irrigation,60.3,36,39.9,22.1,0,6,22.1,23.5,4,39.9,1,230
Railway,689.9,200,79.0,85.3,1,22,37.0,21.4,4,25.7,0,0
Highway,301.7,181,51.3,45.7,2,32,80.9,100.0,9,25.1,1,15
Irrigation,301.2,53,77.3,53.3,0,28,77.2,68.2,9,28.2,0,0
Irrigation,391.3,116,47.4,38.3,0,27,69.0,35.5,6,23.4,1,238
Irrigation,15.6,9,60.5,37.1,0,10,49.4,79.3,8,30.0,1,106
Urban Infrastructure,734.8,376,65.1,38.9,2,47,77.3,56.0,7,28.5,1,67
Railway,210.7,120,91.2,100.0,2,39,38.9,21.7,2,31.9,0,0
Industrial Corridor,706.9,666,63.5,86.0,3,13,60.3,72.9,3,23.5,0,0
Highway,205.0,254,54.8,30.5,0,30,36.9,20.1,11,32.1,1,135
Industrial Corridor,170.1,131,77.8,53.0,3,12,59.8,35.8,4,32.8,1,24
Urban Infrastructure,373.2,476,68.5,56.9,3,31,42.4,51.0,6,22.4,0,0
Industrial Corridor,983.4,511,84.6,71.1,1,6,78.1,79.7,10,25.1,0,0
Irrigation,588.4,809,55.8,35.3,4,37,71.7,62.3,9,24.1,1,15
Irrigation,402.0,314,75.4,55.2,4,12,51.6,27.9,5,12.5,0,0
Railway,369.1,434,100.0,96.3,2,8,84.8,83.9,7,20.7,0,0
Irrigation,290.3,153,68.2,46.8,1,7,43.9,35.5,6,34.4,1,404
Industrial Corridor,686.4,521,75.0,71.9,0,23,62.3,63.3,7,35.3,0,0
Urban Infrastructure,467.7,984,45.4,34.0,2,28,50.7,41.3,17,29.7,1,188
Railway,76.7,58,58.4,47.6,1,16,77.8,53.1,10,14.9,0,0
Highway,122.0,150,79.4,83.4,0,33,75.9,65.3,7,36.8,0,0
Irrigation,411.5,543,66.7,69.1,3,2,89.0,85.4,8,46.4,1,45
Highway,103.9,107,81.8,42.5,2,20,64.7,56.2,1,32.5,0,0
Highway,300.5,340,78.8,83.3,0,15,3.8,6.8,30,26.0,0,0
Railway,494.0,261,50.9,37.7,4,9,54.4,60.3,15,16.5,1,17
Industrial Corridor,375.0,158,88.2,72.1,1,8,94.3,67.2,6,25.8,0,0
Highway,89.5,32,52.1,44.9,2,30,56.5,22.9,2,20.6,1,15
Highway,128.1,117,59.8,42.4,2,6,24.6,42.5,6,23.8,1,70
Highway,383.2,284,75.7,63.1,3,19,72.0,54.3,14,40.2,0,0
Urban Infrastructure,915.6,805,97.1,100.0,2,4,73.5,51.6,13,35.7,1,108
Irrigation,256.2,82,55.9,40.4,0,3,48.5,57.7,7,22.2,0,0
Highway,505.5,235,74.4,74.0,0,18,58.1,56.2,20,27.0,0,0
Highway,377.3,457,74.5,42.1,2,22,46.1,45.8,7,25.9,1,90
Irrigation,164.6,134,82.5,68.5,1,9,73.5,36.0,6,21.2,0,0
Highway,509.4,399,90.9,92.7,2,26,64.1,30.3,10,11.2,0,0
Irrigation,58.4,37,65.5,52.7,0,39,39.7,44.5,4,35.1,0,0
Railway,484.8,213,88.2,93.1,1,30,62.8,75.7,5,39.0,0,0
Urban Infrastructure,393.4,551,93.3,81.7,2,18,48.3,27.7,11,19.3,1,61
Highway,177.7,272,100.0,95.2,2,38,92.2,75.0,4,18.8,0,0
Irrigation,112.5,86,80.0,83.6,2,20,80.9,53.2,10,36.0,1,71
Highway,190.7,36,74.5,78.3,2,8,60.6,67.5,13,18.7,0,0
Urban Infrastructure,154.4,104,64.4,22.3,2,28,64.6,44.7,6,10.7,0,0
Urban Infrastructure,225.9,361,48.7,39.4,0,35,83.3,85.3,6,21.1,1,75
Industrial Corridor,206.7,98,67.6,65.6,2,5,59.5,41.2,8,40.9,0,0
Railway,177.6,98,73.8,74.3,1,14,78.2,69.8,4,20.2,1,78
Highway,55.8,66,70.2,55.6,2,8,92.5,55.0,6,18.9,0,0
Industrial Corridor,98.3,53,81.6,82.5,1,21,53.2,37.5,2,20.8,0,0
Industrial Corridor,563.5,414,48.7,56.0,3,16,95.9,91.6,4,13.3,1,15
Highway,181.9,27,69.1,61.6,0,8,90.1,79.0,7,11.5,0,0
Railway,229.3,356,100.0,92.6,0,18,68.0,60.5,9,23.1,0,0
Railway,198.0,222,87.9,85.7,0,22,54.1,62.4,9,10.6,0,0
Industrial Corridor,696.6,937,81.9,86.4,5,27,67.7,29.8,5,21.6,1,92
Irrigation,151.3,60,78.3,75.8,1,56,58.1,25.1,5,28.9,1,80
Irrigation,142.3,248,66.2,64.8,0,15,47.1,40.7,5,30.1,1,15
Irrigation,399.4,277,43.9,44.4,4,19,73.6,54.1,7,24.5,0,0
Highway,317.5,448,79.3,67.4,0,18,42.5,2.7,3,12.8,1,54
Railway,407.1,367,32.8,5.0,2,73,56.2,28.6,2,21.5,1,54
Highway,389.7,449,66.8,40.2,1,12,56.5,52.1,8,29.8,1,86
Industrial Corridor,518.1,488,71.9,36.7,1,16,35.7,28.0,5,32.8,1,283
Railway,87.2,47,64.8,64.7,1,17,76.2,93.0,9,23.0,0,0
Railway,373.6,89,100.0,68.6,2,6,58.4,37.8,21,18.3,0,0
Highway,143.1,211,100.0,88.8,2,26,89.0,61.4,5,26.9,0,0
Highway,39.2,5,88.5,66.7,0,21,58.1,30.4,10,22.1,1,125
Irrigation,387.9,476,57.2,42.8,2,12,54.9,35.4,1,14.8,0,0
Highway,372.5,549,100.0,96.8,2,27,44.9,30.6,6,29.4,0,0
Highway,273.3,77,81.9,63.8,1,24,63.8,69.8,8,26.2,1,15
Industrial Corridor,524.2,294,56.9,42.1,0,7,63.9,50.1,1,13.8,1,84
Railway,144.1,37,72.5,89.3,1,26,77.8,78.3,16,19.1,0,0
Railway,431.9,212,87.3,81.0,4,3,64.3,47.4,4,23.9,0,0
Railway,245.1,327,62.4,42.2,4,19,100.0,100.0,12,9.2,0,0
Industrial Corridor,259.3,297,74.2,62.3,0,9,72.1,55.3,10,18.0,0,0
Railway,46.1,49,77.1,62.5,0,48,43.3,14.5,18,32.9,1,27
Industrial Corridor,527.7,297,54.4,56.9,0,38,41.6,26.9,1,20.6,1,84
Urban Infrastructure,362.6,39,67.7,56.1,1,49,73.7,59.8,9,17.2,0,0
Irrigation,420.7,131,55.6,48.9,0,10,42.6,19.9,7,37.9,1,38
Railway,127.7,81,85.9,80.7,0,8,74.9,39.3,1,29.8,0,0
Industrial Corridor,333.9,120,57.5,59.0,0,17,80.9,73.5,6,33.6,1,27
Railway,244.7,302,76.7,55.9,2,11,81.4,64.6,6,17.4,1,16
Railway,375.9,667,49.8,37.0,5,9,45.6,13.9,3,22.9,1,67
Irrigation,323.2,290,53.9,42.5,2,40,81.4,62.4,6,25.9,0,0
Highway,784.4,219,53.1,16.4,2,39,69.5,90.5,6,28.5,1,15
Highway,633.3,953,67.4,52.8,2,32,50.8,52.5,5,51.1,1,45
Railway,224.1,176,74.9,50.1,1,3,59.8,39.5,9,26.9,1,77
Highway,387.5,279,77.8,66.0,1,24,72.4,69.4,11,37.9,0,0
Railway,210.1,212,43.6,40.5,1,15,49.5,18.9,4,51.2,1,193
Irrigation,515.0,165,69.3,76.1,1,30,69.0,32.1,7,44.9,1,15
Urban Infrastructure,252.4,143,60.0,48.6,0,29,91.9,91.8,18,27.7,0,0
Highway,188.3,130,80.5,100.0,2,22,82.3,88.8,7,38.6,0,0
Irrigation,330.7,282,67.7,55.9,1,40,64.6,61.0,4,27.4,1,18
Railway,601.8,544,70.7,58.3,1,22,67.7,65.0,3,25.6,1,20
Highway,541.4,544,60.1,55.1,4,3,52.2,20.2,10,35.3,1,49
Highway,196.9,98,99.6,92.9,3,14,52.8,59.3,4,35.7,0,0
Highway,740.8,150,51.5,61.0,1,10,32.3,12.2,4,31.6,1,52
Highway,134.4,84,65.6,38.2,0,8,68.0,38.2,9,24.2,0,0
Highway,170.7,116,73.7,70.4,1,8,76.6,55.3,3,20.7,0,0
Railway,500.8,98,68.0,73.6,0,12,61.6,46.1,9,12.7,0,0
Irrigation,39.5,19,59.8,44.2,0,11,45.5,38.9,3,27.8,1,77
Highway,282.0,227,43.0,33.4,1,25,64.3,27.6,4,28.6,1,15
Highway,223.4,119,60.9,57.9,2,10,89.8,84.5,3,35.1,1,49
Highway,768.5,604,56.6,55.1,1,26,81.0,57.8,4,9.9,1,38
Irrigation,114.3,59,98.9,91.0,1,34,62.4,55.8,14,27.1,1,20
Railway,125.7,132,100.0,73.2,2,26,100.0,100.0,28,23.8,0,0
Irrigation,836.1,318,71.2,56.6,3,20,100.0,95.0,6,25.4,0,0
Highway,225.4,164,49.5,42.0,3,28,53.4,46.7,6,39.7,0,0
Highway,586.7,439,83.8,63.9,3,8,58.1,51.3,11,40.1,1,110
Urban Infrastructure,198.7,240,56.3,47.9,2,3,76.9,77.8,9,37.2,1,42
Highway,165.2,97,63.2,49.6,2,29,44.7,26.3,13,27.0,1,75
Highway,605.6,1067,61.9,51.8,2,21,80.0,59.9,9,23.9,0,0
Highway,965.5,1664,64.0,47.7,1,51,65.0,60.6,14,39.2,1,173
Urban Infrastructure,635.8,253,66.3,64.5,0,34,70.4,66.1,8,44.8,1,109
Irrigation,188.9,135,51.0,59.0,2,14,51.5,58.3,18,43.6,1,57
Irrigation,273.2,82,60.8,40.1,1,15,47.2,34.4,11,31.4,0,0
Urban Infrastructure,130.6,125,88.3,59.2,2,20,23.3,0.0,17,26.4,1,57
Highway,149.9,79,71.5,78.8,0,16,92.7,63.0,6,33.6,0,0
Urban Infrastructure,143.7,112,74.0,63.5,3,20,81.8,81.8,6,34.3,0,0
Highway,202.4,125,36.3,34.6,2,11,76.5,37.6,8,21.6,1,15
Irrigation,305.5,867,87.2,66.8,3,31,70.0,66.4,2,23.9,1,23
Railway,281.3,186,61.0,49.5,2,25,16.9,23.1,8,59.5,1,235
Railway,454.0,285,90.0,35.4,4,17,48.0,59.4,7,21.6,0,0
Urban Infrastructure,316.9,397,74.5,70.7,2,7,57.9,65.0,7,35.4,0,0
Highway,425.5,577,63.0,33.5,7,17,41.4,27.4,6,20.3,1,106
Urban Infrastructure,471.3,399,45.2,14.3,0,22,29.1,24.0,8,24.6,1,62
Railway,191.6,264,100.0,84.5,2,16,43.5,44.0,5,15.9,1,32
Irrigation,248.6,639,84.9,76.4,3,13,64.0,67.7,13,15.9,1,57
Urban Infrastructure,1600.0,956,85.8,76.5,2,2,64.0,71.3,11,32.8,0,0
Highway,179.4,58,100.0,91.9,2,75,81.2,85.5,8,31.5,0,0
Urban Infrastructure,441.9,405,75.6,51.7,4,9,100.0,75.8,2,46.2,1,46
Irrigation,92.9,121,93.6,97.8,1,23,76.7,40.6,2,26.3,0,0
Industrial Corridor,480.3,807,64.3,58.6,0,8,59.5,22.5,7,27.7,1,77
Highway,156.7,159,83.8,79.8,1,22,99.0,79.7,4,25.5,1,62
Irrigation,288.6,213,61.9,78.1,0,23,31.4,29.8,10,15.3,0,0
Irrigation,78.9,35,63.9,43.9,1,14,21.4,22.4,1,32.5,1,54
Railway,268.1,396,73.6,50.7,1,16,45.3,25.0,19,24.1,1,93
Highway,272.1,237,51.7,52.6,2,11,79.2,73.9,3,10.2,0,0
Highway,241.8,50,77.3,54.9,2,75,66.4,51.2,13,38.2,1,224
Urban Infrastructure,378.4,795,67.0,81.2,1,32,40.4,2.4,6,19.7,1,38
Highway,572.6,195,40.2,31.9,1,20,48.5,36.2,2,29.6,1,66
Industrial Corridor,125.2,165,64.7,58.5,0,12,38.2,0.0,6,30.0,1,39
Urban Infrastructure,246.2,204,66.5,57.3,2,30,38.2,46.1,16,28.3,0,0
Highway,84.5,19,85.6,76.4,1,30,94.0,78.3,6,15.0,0,0
Highway,50.8,35,76.6,69.7,1,8,60.1,46.4,15,41.4,0,0
Irrigation,314.0,188,95.2,92.6,3,4,98.4,100.0,7,18.0,0,0
Highway,117.0,30,80.3,73.8,2,11,45.2,24.2,11,2.0,0,0
Irrigation,279.4,268,63.1,36.0,2,11,72.8,40.8,5,35.3,0,0
Irrigation,323.0,392,71.1,71.2,0,5,67.5,25.5,4,35.0,1,35
Irrigation,60.8,44,66.4,26.8,3,9,80.6,65.4,3,12.9,0,0
Railway,357.9,211,79.8,80.7,1,7,68.1,87.6,8,25.9,0,0
Irrigation,554.7,556,73.0,61.6,2,40,82.7,66.5,9,37.9,1,83
Irrigation,415.1,32,61.9,45.9,1,22,74.1,54.0,6,41.5,1,109
Highway,127.8,70,72.1,68.2,1,25,41.2,35.7,4,32.7,1,26
Irrigation,266.7,153,79.4,52.0,0,32,77.7,65.5,17,35.1,1,68
Urban Infrastructure,288.7,211,55.9,40.3,1,8,60.9,59.2,7,33.9,1,67
Irrigation,249.7,62,77.1,72.0,1,25,47.5,40.5,9,24.5,1,15
Railway,88.7,15,46.7,19.5,1,13,76.9,52.6,5,14.0,0,0
Railway,145.6,53,89.7,95.9,2,40,81.4,51.6,2,23.1,0,0
Highway,233.5,222,80.4,80.3,3,37,53.3,63.4,4,38.4,1,19
Highway,319.8,181,98.1,82.2,3,46,56.0,54.7,7,38.3,1,81
Highway,178.5,65,54.1,34.9,2,8,35.3,50.1,2,28.2,0,0
Urban Infrastructure,44.8,86,90.1,77.6,0,16,26.9,0.0,10,22.3,0,0
Highway,187.3,110,87.0,80.8,2,11,58.2,36.1,7,45.1,0,0
Industrial Corridor,783.6,574,69.1,64.6,2,10,78.8,99.8,6,27.4,0,0
Highway,359.6,527,66.0,42.2,0,11,51.5,43.5,1,33.0,0,0
Highway,313.4,250,54.6,43.2,2,29,91.6,86.9,7,12.7,0,0
Railway,143.8,143,50.5,54.7,0,10,58.9,61.2,8,25.4,0,0
Railway,194.1,82,60.0,65.0,0,9,59.0,34.5,3,37.9,1,15
Industrial Corridor,41.1,31,51.9,22.7,1,10,57.2,33.0,5,10.9,0,0
Urban Infrastructure,135.7,242,97.5,99.6,6,5,82.6,69.6,8,25.6,0,0
Urban Infrastructure,347.2,320,48.0,36.2,1,11,43.8,44.4,4,30.5,1,91
Highway,315.0,266,74.4,47.5,1,37,60.4,60.9,5,41.7,1,171
Industrial Corridor,165.3,103,79.0,63.4,3,63,52.1,42.4,4,36.7,1,15
Highway,249.5,74,77.7,80.3,2,13,51.8,49.7,10,44.6,1,83
Urban Infrastructure,281.5,387,79.1,85.3,0,39,63.7,54.8,13,35.2,0,0
Railway,172.5,120,87.1,52.9,1,52,60.7,43.3,8,35.8,1,15
Railway,374.0,174,64.9,71.5,1,36,84.0,98.0,6,15.5,0,0
Highway,311.0,85,73.4,73.1,1,3,62.8,65.2,11,15.2,0,0
Highway,199.7,174,67.3,54.1,2,13,74.1,65.6,2,44.5,1,90
Highway,94.3,31,92.8,87.9,2,44,66.5,34.0,7,21.0,1,77
Urban Infrastructure,188.6,261,100.0,84.0,3,30,91.1,69.4,13,20.0,0,0
Industrial Corridor,178.9,86,52.9,65.4,1,34,57.0,48.1,4,2.0,1,33
Urban Infrastructure,165.0,127,39.5,34.4,3,18,57.0,42.0,9,37.7,1,69
Highway,63.4,58,81.1,63.6,1,23,77.9,70.4,11,13.7,0,0
Irrigation,652.9,555,89.1,71.6,4,14,56.7,31.5,7,17.0,0,0
Highway,632.4,768,100.0,100.0,2,38,73.0,57.5,4,38.0,0,0
Irrigation,242.9,124,83.8,90.1,3,15,100.0,71.8,5,2.0,0,0
Railway,318.7,234,94.3,83.3,2,20,43.4,54.7,10,40.9,0,0
Highway,369.6,380,98.6,100.0,2,11,93.6,96.7,10,16.9,0,0
Irrigation,245.8,414,95.4,69.4,1,9,53.2,40.1,7,24.4,0,0
Highway,334.7,390,86.1,75.9,2,41,89.8,73.4,2,17.5,0,0
Railway,405.9,524,51.5,53.3,3,38,76.7,31.7,3,11.4,1,39
Irrigation,302.9,181,71.9,78.7,2,10,75.0,93.1,6,17.7,0,0
Highway,454.6,419,76.8,77.7,1,23,60.0,51.5,4,16.9,0,0
Urban Infrastructure,160.5,248,70.4,84.3,2,38,58.0,50.2,3,12.5,0,0
Railway,266.5,190,71.4,56.5,2,70,48.6,36.0,3,43.0,1,123
Industrial Corridor,1265.9,1172,97.1,100.0,8,25,63.1,28.1,22,15.3,1,78
Irrigation,526.0,121,59.9,46.3,2,37,59.3,37.2,8,5.2,1,189
Industrial Corridor,307.8,334,84.8,69.3,3,36,66.8,81.9,10,3.3,0,0
Industrial Corridor,125.5,105,77.1,55.6,1,33,34.8,2.8,6,30.8,1,20
Urban Infrastructure,276.4,289,58.3,46.8,0,4,63.5,31.9,12,6.9,1,25
Irrigation,503.1,305,54.8,31.0,0,23,88.3,75.4,9,24.0,1,26
Highway,436.6,83,44.8,17.4,5,15,81.9,97.2,8,47.7,1,100
Highway,49.0,55,79.8,68.2,1,9,63.5,56.8,8,28.0,0,0
Irrigation,65.9,30,71.0,58.5,2,8,100.0,84.0,4,29.6,0,0
Highway,68.9,17,58.8,58.6,1,11,51.5,27.6,4,20.2,0,0
Highway,373.6,301,42.0,47.8,0,44,61.3,78.9,8,25.9,0,0
Highway,69.9,126,78.9,53.0,2,7,34.0,36.5,11,23.6,1,41
Irrigation,120.8,50,69.2,52.7,1,33,54.9,29.4,14,29.4,1,69
Highway,239.3,113,60.6,43.0,1,50,98.8,67.3,10,44.2,0,0
Irrigation,558.6,642,56.6,56.9,3,11,55.7,40.2,15,21.3,0,0
Industrial Corridor,385.8,248,68.2,37.5,0,48,32.4,6.2,13,17.3,1,269
Industrial Corridor,218.4,243,79.5,74.7,3,39,80.4,64.6,6,25.2,0,0
Highway,463.2,288,66.7,69.9,2,14,70.8,47.4,17,36.6,1,68
Irrigation,930.6,521,53.0,53.0,4,21,79.6,68.4,7,22.3,1,21
Irrigation,278.2,120,71.1,41.1,2,10,57.1,40.9,7,28.9,0,0
Railway,89.3,79,88.7,96.3,1,17,42.9,52.2,10,31.6,0,0
Irrigation,124.5,53,72.6,75.1,1,94,59.3,39.5,14,49.7,1,79
Highway,123.5,67,73.1,24.5,1,20,74.1,83.9,4,36.1,0,0
Urban Infrastructure,148.2,203,66.8,45.6,4,12,61.6,41.8,7,16.4,0,0
Highway,206.9,465,57.8,60.1,2,4,70.8,68.4,6,2.0,0,0
Industrial Corridor,326.4,310,57.2,64.3,1,25,52.3,37.8,4,27.7,0,0
Irrigation,77.0,108,45.4,60.8,0,8,71.5,76.8,4,18.2,0,0
Highway,91.2,53,90.9,81.5,1,6,62.9,61.5,4,20.7,0,0
Industrial Corridor,403.4,254,79.4,61.2,4,24,48.9,34.4,9,15.0,0,0
Highway,179.5,149,73.3,44.0,2,10,65.8,45.5,6,20.4,1,69
Industrial Corridor,134.9,63,76.7,95.2,1,34,55.3,29.9,5,20.2,1,59
Irrigation,225.1,125,77.4,88.0,0,4,75.3,83.6,9,24.7,0,0
Highway,622.4,680,60.2,53.9,2,28,80.5,94.0,9,18.6,0,0
Highway,441.4,329,66.8,19.8,0,56,73.0,78.6,13,18.1,1,35
Industrial Corridor,421.2,283,64.4,44.0,1,26,30.3,37.3,2,31.8,1,141
Highway,764.6,499,100.0,86.8,2,35,43.7,11.2,12,26.0,1,15
Urban Infrastructure,337.3,123,88.3,97.4,1,11,50.3,21.2,3,26.0,0,0
Industrial Corridor,809.5,656,74.7,96.4,2,36,47.1,53.0,8,25.5,0,0
Irrigation,851.0,397,93.9,85.4,2,26,52.1,17.4,3,16.2,1,21
Highway,79.4,18,91.8,85.2,2,21,81.5,53.3,10,41.8,0,0
Industrial Corridor,59.7,20,49.9,45.6,0,44,77.0,92.4,5,48.4,0,0
Urban Infrastructure,116.6,77,68.4,65.7,1,30,54.5,61.0,9,39.6,1,21
Highway,582.7,607,71.7,74.2,4,9,74.8,90.7,4,6.6,0,0
Railway,228.6,275,81.8,87.5,0,14,69.6,61.9,2,18.7,1,55
Highway,207.7,57,68.4,40.9,1,51,62.3,53.0,4,33.8,1,111
Railway,471.6,463,70.4,74.8,1,8,86.0,76.8,9,17.7,0,0
Industrial Corridor,172.4,322,64.6,60.5,1,8,49.8,71.2,6,18.3,0,0
Railway,307.5,380,88.8,81.3,1,34,64.1,76.5,11,10.9,0,0
Irrigation,403.3,319,48.9,31.0,2,14,42.0,29.1,6,22.0,1,130
Highway,125.9,105,65.2,69.1,1,57,42.9,24.6,8,17.0,1,96
Highway,102.3,80,42.5,20.8,2,30,35.8,57.1,2,2.0,0,0
Highway,277.1,147,55.5,55.6,1,15,43.3,53.5,9,38.7,1,149
Urban Infrastructure,303.0,385,77.1,71.4,3,26,64.7,40.4,12,30.6,0,0
Irrigation,447.5,173,77.4,46.4,2,11,57.0,66.4,2,11.3,0,0
Railway,114.0,93,67.0,72.6,0,63,57.6,48.8,3,35.5,0,0
Industrial Corridor,152.0,34,90.0,71.9,1,22,57.0,67.8,18,27.4,1,55
Highway,845.6,1130,93.7,71.6,3,16,98.5,77.0,8,38.8,1,19
Highway,518.2,413,70.9,58.6,3,12,40.3,61.6,6,34.1,1,95
Highway,244.8,64,76.0,69.6,2,9,38.1,33.7,5,17.5,0,0
Urban Infrastructure,573.5,914,64.8,27.0,2,10,46.1,23.0,1,33.4,1,166
Industrial Corridor,114.4,79,82.0,74.2,1,11,61.6,43.4,10,33.8,0,0
Irrigation,224.2,69,52.9,42.0,2,5,73.3,71.3,6,37.6,0,0
Highway,301.2,592,100.0,96.7,5,15,75.4,76.9,7,37.0,1,30
Highway,205.3,128,90.2,80.1,1,17,81.9,76.4,12,48.9,0,0
Irrigation,210.9,92,52.8,31.3,3,26,60.8,71.1,6,36.5,1,49
Railway,432.5,364,59.4,55.3,2,10,55.1,47.6,13,17.4,0,0
Urban Infrastructure,523.0,174,78.7,100.0,2,10,95.7,87.9,2,28.0,0,0
Industrial Corridor,188.9,100,66.6,51.4,0,18,7.3,4.6,9,14.5,1,89
Railway,83.6,124,80.7,87.8,1,16,64.3,40.3,5,39.3,0,0
Industrial Corridor,67.9,138,66.2,47.8,0,25,71.6,78.7,9,16.6,1,15
Urban Infrastructure,36.6,23,96.4,88.4,0,4,100.0,100.0,6,50.5,0,0
Railway,756.4,717,72.1,50.9,10,26,29.8,28.7,13,22.8,1,195
Irrigation,433.7,662,100.0,100.0,3,18,54.6,43.7,10,25.5,0,0
Urban Infrastructure,371.2,230,81.6,81.1,0,2,35.8,28.4,5,20.9,0,0
Highway,170.1,72,50.4,47.2,0,15,27.0,20.3,5,18.1,1,168
Urban Infrastructure,169.3,178,100.0,100.0,0,32,58.9,66.8,8,20.2,0,0
Highway,534.3,159,89.6,66.0,1,20,79.7,85.4,6,28.5,0,0
Irrigation,59.9,23,78.1,92.9,2,16,87.1,85.4,8,26.2,0,0
Industrial Corridor,195.3,50,82.3,58.9,0,11,52.4,51.9,9,21.3,0,0
Irrigation,585.7,858,53.0,39.1,3,4,76.3,50.8,12,29.4,1,39
Railway,195.0,148,43.1,37.9,0,19,59.0,46.0,6,20.0,0,0
Irrigation,418.8,450,71.3,58.5,1,38,74.1,73.1,4,25.9,0,0
Highway,252.1,103,94.1,81.7,1,51,86.1,60.7,14,45.4,0,0
Highway,13.1,12,78.3,75.9,1,8,59.1,43.4,12,19.7,0,0
Highway,244.3,231,99.3,87.1,4,20,84.5,95.9,9,22.7,0,0
Irrigation,281.1,550,93.1,74.9,0,21,38.7,78.3,10,13.3,0,0
Railway,230.4,236,72.3,77.5,1,13,76.1,87.0,7,22.3,0,0
Highway,97.9,117,90.9,78.1,2,38,83.7,65.8,10,30.1,1,15
Urban Infrastructure,232.3,185,96.4,100.0,1,22,81.6,59.2,15,20.2,0,0
Railway,39.4,5,70.7,89.7,0,6,39.3,55.2,3,13.5,0,0
Railway,193.4,170,68.6,52.7,0,16,58.9,40.0,4,30.0,1,20
Railway,441.7,290,74.2,72.0,1,34,69.0,50.7,10,31.1,1,37
Highway,729.6,465,33.4,37.3,5,7,71.9,42.0,1,32.8,1,226
Industrial Corridor,652.4,356,76.5,69.2,1,18,65.3,42.0,15,12.4,0,0
Railway,111.8,71,83.5,81.0,1,19,91.6,62.3,17,41.1,0,0
Highway,71.0,34,74.3,80.1,3,22,37.1,20.8,4,20.6,0,0
Urban Infrastructure,301.3,342,77.5,92.4,4,31,58.2,42.4,4,14.9,0,0
Industrial Corridor,268.0,99,71.3,90.9,0,12,29.2,25.3,1,37.3,1,30
Industrial Corridor,397.9,722,40.0,21.7,3,57,75.4,54.1,4,40.7,0,0
Urban Infrastructure,158.8,171,98.6,96.5,2,24,74.1,85.1,7,22.5,0,0
Urban Infrastructure,274.0,359,66.1,44.5,4,69,100.0,93.1,2,16.8,0,0
Railway,263.4,102,62.1,60.2,0,13,83.5,66.4,12,30.9,0,0
Irrigation,198.7,104,93.7,80.7,0,27,69.6,39.5,12,11.3,1,15
Irrigation,55.6,43,87.7,81.5,0,1,68.1,66.3,8,54.1,0,0
Highway,437.3,321,76.4,67.8,0,60,56.7,33.2,5,14.6,0,0
Highway,302.8,327,84.3,75.0,3,25,65.6,59.6,4,29.9,1,55
Highway,458.2,337,53.5,51.7,1,13,68.5,44.7,10,24.2,1,136
Irrigation,534.0,998,70.7,79.9,3,5,23.7,26.7,14,15.9,1,15
Industrial Corridor,246.6,97,92.7,74.0,2,25,66.9,47.0,5,15.7,0,0
Industrial Corridor,439.2,149,61.2,30.9,0,12,65.0,57.4,14,38.4,0,0
Highway,740.7,374,56.0,24.8,2,37,98.1,100.0,9,30.0,1,27
Highway,897.9,573,73.3,73.0,2,56,60.4,53.7,14,18.3,0,0
Railway,329.6,453,73.6,75.9,1,22,47.7,18.9,6,19.8,1,22
Irrigation,348.0,317,82.4,82.2,2,33,68.4,74.7,3,17.0,0,0
Urban Infrastructure,325.6,34,49.9,44.4,1,15,64.5,77.8,14,35.7,1,46
Urban Infrastructure,388.2,44,31.2,23.9,1,2,60.4,45.4,4,36.1,1,43
Urban Infrastructure,518.7,350,86.7,92.7,2,26,37.4,53.6,12,31.8,0,0
Urban Infrastructure,320.8,179,54.7,67.4,1,31,59.9,27.4,1,28.8,1,143
Urban Infrastructure,864.7,594,62.2,53.5,2,15,51.4,19.3,7,32.9,1,59
Railway,786.7,502,37.1,78.5,2,4,58.7,34.1,9,7.9,0,0
Highway,280.6,481,88.4,81.8,1,12,77.6,68.8,8,29.0,0,0
Highway,279.3,351,77.6,82.8,2,25,49.5,15.5,8,37.8,1,75
Railway,187.1,98,77.0,58.1,1,15,58.6,29.4,6,28.5,0,0
Highway,402.8,293,76.9,54.2,1,16,73.8,72.8,6,26.6,0,0
Highway,212.5,129,39.0,16.0,2,50,57.6,27.0,8,19.0,1,190
Urban Infrastructure,180.3,28,56.2,53.1,1,24,100.0,100.0,14,19.7,0,0
Highway,396.8,214,64.8,72.7,1,66,68.0,62.0,4,20.2,1,43
Urban Infrastructure,106.3,58,60.0,63.4,2,5,38.2,56.1,10,28.5,1,62
Industrial Corridor,524.7,246,67.7,55.7,2,4,46.2,35.0,3,20.7,0,0
Irrigation,407.9,215,75.9,90.9,1,30,44.2,39.6,9,5.9,0,0
Irrigation,760.2,466,88.1,60.6,0,40,46.5,44.3,5,34.8,1,24
Railway,333.8,319,48.3,44.9,0,29,73.7,67.2,4,31.7,1,110
Irrigation,451.8,223,71.9,56.9,3,77,40.9,40.6,8,29.9,1,52
Highway,492.4,735,83.4,100.0,2,52,56.4,46.8,15,15.7,0,0
Urban Infrastructure,618.7,241,57.2,62.2,1,43,85.9,57.6,4,20.6,1,15
Highway,307.9,415,68.9,87.6,1,10,52.6,59.5,3,31.7,0,0
Highway,186.0,161,79.5,57.2,1,9,76.4,54.5,7,26.3,0,0
Industrial Corridor,339.3,108,72.2,66.4,0,44,29.3,17.1,4,18.3,1,70
Irrigation,524.3,317,82.8,66.8,1,16,55.6,41.0,7,40.3,1,26
Railway,571.2,1001,73.5,64.6,3,36,45.3,36.8,5,16.7,1,54
Irrigation,56.2,22,67.0,52.4,0,16,69.0,70.8,3,2.0,0,0
Highway,1393.3,2480,53.2,49.9,10,3,42.3,26.6,4,27.0,1,145
Irrigation,181.0,176,76.0,70.8,0,46,100.0,83.2,13,27.4,1,30
Highway,457.1,400,73.6,66.9,1,30,30.2,33.2,6,26.6,1,134
Highway,664.9,624,56.1,42.4,1,12,85.7,96.8,7,30.4,1,90
Highway,261.8,156,81.3,67.3,3,2,80.6,70.3,4,19.9,0,0
Railway,586.2,238,92.3,44.9,3,64,69.2,48.9,8,37.3,0,0
Railway,55.6,42,61.4,29.9,1,36,64.1,40.0,11,11.0,0,0
Railway,600.5,537,60.4,77.3,3,32,100.0,73.0,8,25.8,0,0
Highway,552.5,551,59.8,53.8,0,37,100.0,85.4,6,19.1,1,43
Highway,369.8,360,45.1,42.8,2,6,58.9,53.8,12,37.1,0,0
Irrigation,525.4,589,100.0,74.1,3,52,66.2,57.2,7,17.3,0,0
Highway,800.6,1735,64.8,61.2,6,10,52.0,61.6,13,26.8,1,90
Irrigation,678.7,577,58.3,43.8,2,12,39.6,40.8,10,26.9,1,238
Urban Infrastructure,273.4,396,54.0,78.7,3,11,72.3,64.1,6,28.2,1,143
Railway,337.0,343,65.8,79.0,1,18,68.0,63.0,2,18.0,0,0
Urban Infrastructure,239.7,551,60.9,23.6,2,34,30.8,20.4,10,30.0,1,119
Highway,216.8,169,95.0,86.3,1,6,72.1,83.7,14,26.3,0,0
Highway,490.4,357,52.0,58.0,0,4,68.7,77.0,3,29.8,1,19
Industrial Corridor,237.7,332,47.4,36.0,2,39,51.0,30.4,7,43.3,1,132
Industrial Corridor,489.7,684,80.8,87.5,2,14,49.7,53.2,10,27.3,0,0
Industrial Corridor,261.6,164,70.3,66.3,0,11,71.5,72.6,6,15.1,0,0
Highway,290.8,290,68.4,80.7,4,57,95.2,84.8,7,47.6,0,0
Industrial Corridor,143.1,161,81.0,84.0,2,36,71.0,76.0,17,36.8,0,0
Railway,481.1,525,74.2,72.0,0,10,78.6,53.0,8,33.2,0,0
Highway,52.1,49,71.3,47.6,2,1,46.4,56.3,4,24.0,1,15
Highway,615.5,130,49.5,35.0,1,22,54.7,45.7,7,34.1,1,172
Urban Infrastructure,1083.4,1193,45.3,28.4,5,10,75.2,77.4,7,3.4,1,164
Highway,298.2,337,60.8,53.2,3,35,35.8,24.5,4,43.0,1,81
Industrial Corridor,288.6,277,54.7,35.2,2,37,67.1,65.6,20,35.9,1,70
Irrigation,72.2,42,76.3,80.5,0,17,72.9,64.3,1,24.1,0,0
Industrial Corridor,190.3,315,43.2,45.5,1,12,62.2,34.9,2,35.6,1,76
Industrial Corridor,529.2,212,64.8,51.1,2,18,69.4,70.7,3,32.8,0,0
Urban Infrastructure,580.1,819,69.2,65.1,3,16,64.2,65.6,2,14.9,1,61
Highway,326.2,130,71.4,63.6,0,27,50.6,46.3,2,28.0,0,0
Highway,508.4,668,78.4,72.7,1,19,39.4,8.3,17,30.1,1,56
Irrigation,145.5,60,66.8,41.3,0,28,61.2,53.5,10,24.5,0,0
Railway,381.5,485,61.3,35.0,1,17,89.1,61.6,12,23.6,0,0
Highway,721.0,1343,91.9,92.7,2,10,83.5,77.2,5,35.9,0,0
Highway,434.0,810,66.9,83.5,4,22,56.1,29.3,14,27.9,0,0
Railway,792.6,1298,94.7,96.7,3,12,55.7,40.6,10,46.7,0,0
Highway,808.4,627,66.8,71.4,4,48,54.2,36.9,5,18.8,1,169
Highway,398.8,208,71.7,52.1,1,26,54.2,66.7,9,30.5,0,0
Urban Infrastructure,8.0,5,69.8,48.9,1,11,68.8,83.6,3,15.9,0,0
Highway,572.1,402,75.7,82.1,4,27,84.1,59.0,8,33.5,1,93
Urban Infrastructure,97.0,131,65.3,67.9,3,27,100.0,75.1,6,13.7,0,0
Urban Infrastructure,15.5,17,73.5,86.2,2,24,46.4,1.1,17,29.2,1,41
Highway,44.2,107,96.5,86.6,5,12,76.0,89.3,13,39.0,0,0
Industrial Corridor,599.1,333,88.8,81.4,2,36,73.8,57.5,3,26.6,0,0
Irrigation,401.0,776,88.9,69.9,1,36,56.4,62.8,4,15.1,1,87
Irrigation,332.6,245,50.5,35.5,3,10,42.5,44.6,21,36.4,1,63
Highway,427.9,170,53.1,36.6,0,7,68.5,67.0,5,30.0,0,0
Highway,47.5,44,75.5,89.1,0,13,100.0,85.3,2,25.1,0,0
Highway,238.9,257,84.3,85.1,3,30,68.4,69.4,11,15.4,0,0
Irrigation,166.9,259,63.7,42.4,4,13,47.3,37.8,15,8.3,1,49
Urban Infrastructure,314.2,174,60.8,60.3,1,27,59.9,38.4,6,50.8,0,0
Irrigation,322.4,297,94.3,100.0,3,36,40.2,14.3,9,19.7,0,0
Industrial Corridor,415.4,326,83.0,63.7,1,5,63.4,44.0,7,15.1,0,0
Urban Infrastructure,459.5,287,88.9,89.0,2,35,76.7,60.9,11,29.5,1,15
Irrigation,50.2,92,64.9,42.0,3,18,49.1,42.2,4,14.8,1,27
Highway,241.4,262,63.7,56.0,4,68,0.0,0.0,8,31.5,1,50
Urban Infrastructure,284.1,41,87.2,83.1,0,17,68.5,51.4,12,40.9,0,0
Railway,94.4,88,67.8,40.7,1,11,53.0,59.8,5,14.4,0,0
Highway,85.3,21,62.2,72.4,0,25,48.0,37.2,12,22.7,1,60
Railway,44.5,39,57.4,29.3,0,26,47.8,54.9,10,30.7,1,123
Urban Infrastructure,74.0,21,63.8,64.8,2,77,71.0,62.6,3,12.6,0,0
Highway,506.4,550,86.0,75.7,0,15,54.8,61.6,4,16.0,0,0
Railway,60.0,15,47.8,37.4,0,17,81.6,78.6,11,24.7,0,0
Highway,71.3,29,82.1,80.1,1,13,82.0,83.1,4,47.6,0,0
Highway,304.8,375,60.7,63.4,0,22,57.6,60.5,1,16.6,0,0
Highway,380.4,295,68.6,65.8,3,17,52.6,44.9,8,22.9,0,0
Industrial Corridor,277.6,84,69.7,75.9,0,17,65.6,93.0,7,53.3,0,0
Urban Infrastructure,112.6,198,68.5,33.0,0,54,60.1,78.1,11,34.7,1,139
Highway,87.1,52,67.4,66.1,0,12,27.9,6.8,14,7.4,1,61
Highway,298.6,198,64.9,40.7,0,26,100.0,88.8,7,23.4,0,0
Highway,255.1,179,62.9,40.5,2,52,77.3,79.2,9,32.4,1,44
Highway,207.8,237,93.1,80.0,1,15,53.7,30.1,2,41.9,1,15
Irrigation,491.3,310,72.4,66.3,1,17,24.7,25.3,6,41.3,1,153
Irrigation,242.6,175,70.0,59.3,2,18,59.4,59.1,24,32.2,1,51
Irrigation,79.8,117,61.7,45.7,0,7,51.2,54.0,10,33.9,0,0
Railway,208.8,285,65.5,56.1,4,16,61.8,24.2,15,11.7,1,15
Irrigation,410.9,285,61.7,75.6,2,7,19.7,7.2,5,18.4,1,65
Highway,231.4,164,84.2,100.0,0,66,53.6,41.7,5,11.7,0,0
Highway,405.8,41,59.9,30.8,2,14,54.8,38.8,5,37.3,1,85
Urban Infrastructure,462.7,401,36.1,65.0,1,36,59.2,78.0,12,30.1,1,66
Industrial Corridor,243.2,306,72.9,62.2,2,22,58.3,58.2,6,27.2,1,107
Urban Infrastructure,276.6,168,67.5,62.8,1,10,64.0,48.2,2,43.0,1,127
Urban Infrastructure,220.2,355,62.6,52.3,4,16,93.4,84.5,7,31.9,0,0
Irrigation,412.1,93,86.6,94.6,3,12,52.7,10.6,5,38.5,0,0
Urban Infrastructure,214.9,93,28.3,15.4,1,11,44.8,43.8,13,34.3,1,62
Railway,384.3,592,97.2,86.3,0,12,28.5,5.4,20,35.4,1,189
Highway,326.3,401,88.9,42.2,1,25,52.8,31.7,2,14.5,1,25
Highway,43.9,9,62.0,52.2,0,26,35.0,23.9,10,36.7,1,124
Highway,399.2,100,64.8,37.9,1,26,82.2,68.3,14,31.2,1,38
Highway,304.7,334,80.1,93.1,3,25,61.1,56.5,11,21.5,0,0
Railway,631.7,611,80.5,58.2,1,26,81.8,100.0,5,33.5,0,0
Industrial Corridor,98.7,65,61.9,50.7,1,12,92.3,78.1,6,40.1,0,0
Industrial Corridor,330.1,522,46.1,34.3,1,30,45.7,30.3,7,24.9,1,66
Irrigation,191.4,97,100.0,88.0,1,10,56.1,38.3,4,17.8,0,0
Highway,49.9,8,87.3,55.4,1,13,89.6,79.7,8,18.3,0,0
Industrial Corridor,34.2,39,74.5,62.9,2,4,66.8,43.2,15,10.7,0,0
Railway,716.7,922,74.8,77.8,1,9,73.4,77.4,10,24.1,0,0
Highway,330.9,173,81.9,82.5,3,26,83.7,52.7,2,32.5,0,0
Highway,237.0,83,83.9,64.5,0,28,80.9,86.7,7,45.1,0,0
Railway,66.3,10,38.6,24.3,3,42,71.2,63.8,19,17.1,1,71
Highway,689.0,528,66.4,79.8,3,9,90.9,71.7,4,30.0,0,0
Industrial Corridor,152.8,144,64.7,49.5,2,10,61.6,60.3,11,26.2,0,0
Industrial Corridor,342.1,458,69.4,76.6,2,8,73.4,53.2,3,25.9,0,0
Irrigation,296.1,288,84.3,70.2,2,27,59.5,55.6,10,9.2,0,0
Highway,905.0,499,43.4,46.7,2,8,83.4,72.6,6,14.9,1,40
Industrial Corridor,271.6,235,50.4,46.3,0,41,49.0,42.7,17,46.0,1,201
Irrigation,181.9,251,61.1,60.7,1,12,29.3,29.0,16,37.1,1,29
Highway,334.5,312,74.5,45.2,0,19,76.1,33.3,2,29.1,0,0
Irrigation,360.7,457,85.3,71.7,4,22,42.6,46.2,7,31.1,0,0
Railway,1316.3,479,98.1,72.4,1,41,40.6,65.9,5,34.2,0,0
Railway,268.2,299,67.4,18.9,1,55,88.3,91.4,11,21.1,1,38
Highway,95.6,93,85.3,76.6,3,24,82.3,71.3,25,21.5,0,0
Railway,207.9,130,83.4,54.4,1,31,56.1,52.8,6,19.2,1,217
Highway,333.9,465,80.7,82.5,2,9,2.1,0.0,15,27.9,1,54
Highway,378.4,814,71.6,46.0,2,51,73.7,50.0,6,13.3,0,0
Highway,60.0,16,65.6,68.9,2,32,76.3,72.1,8,18.7,0,0
Urban Infrastructure,188.6,40,55.0,47.3,0,89,73.3,89.5,6,31.6,1,80
Highway,871.0,562,53.9,38.4,2,19,72.4,82.6,11,22.1,0,0
Railway,128.1,94,77.6,59.9,1,10,59.4,50.9,17,6.7,0,0
Railway,499.1,383,71.1,80.9,5,15,54.8,69.3,12,21.8,1,26
Urban Infrastructure,213.5,109,65.4,69.5,0,40,40.9,37.4,6,32.0,0,0
Irrigation,280.1,68,82.6,66.0,0,51,49.1,18.8,3,27.3,0,0
Urban Infrastructure,68.3,46,68.8,65.9,2,66,69.4,55.3,4,7.4,1,28
Highway,230.0,170,57.4,69.0,1,11,69.8,60.1,15,37.4,1,207
Highway,331.0,209,67.7,60.7,0,6,78.8,85.4,8,23.3,0,0
Irrigation,270.7,202,85.1,78.8,2,18,34.9,23.2,8,29.7,0,0
Railway,241.2,212,55.6,45.1,0,9,29.8,24.7,12,37.5,1,126
Industrial Corridor,413.5,282,75.3,59.9,1,36,55.4,42.8,7,24.6,0,0
Urban Infrastructure,86.8,44,71.1,56.6,1,17,42.6,22.7,13,5.0,0,0
Railway,342.2,257,59.8,62.6,0,15,66.7,44.2,6,45.3,1,20
Urban Infrastructure,30.9,28,67.3,65.1,1,16,36.8,25.9,5,2.0,0,0
Irrigation,594.5,470,46.9,25.9,2,14,86.6,69.9,3,22.3,1,15
Highway,247.4,552,73.8,73.4,1,6,46.6,45.3,1,40.3,0,0
Railway,476.7,456,50.2,47.7,1,10,94.9,68.9,8,18.3,1,16
Highway,9.5,7,89.2,100.0,2,31,73.5,77.8,11,19.0,0,0
Industrial Corridor,431.7,199,70.5,62.9,2,8,41.9,36.0,11,23.6,1,95
Highway,148.3,70,62.9,50.1,1,31,100.0,72.5,15,24.0,0,0
Highway,281.5,178,90.6,100.0,0,21,68.3,66.5,7,16.5,0,0
Irrigation,436.5,281,55.5,62.5,1,40,66.3,77.4,15,19.0,0,0
Highway,262.5,165,60.0,71.9,2,20,61.7,58.9,8,37.8,0,0
Highway,401.4,394,42.7,23.7,1,10,72.3,42.4,3,20.2,1,159
Irrigation,215.9,295,93.0,100.0,0,10,73.5,98.6,10,31.5,0,0
Highway,625.7,714,100.0,93.1,3,4,45.7,35.2,3,16.0,0,0
Railway,246.9,263,45.2,27.1,1,11,58.7,59.2,7,41.2,1,53
Railway,250.7,107,58.9,48.3,1,16,65.3,58.8,13,36.3,1,39
Highway,254.2,377,73.1,71.3,3,44,74.7,70.9,1,25.0,0,0
Highway,275.8,125,63.7,50.8,2,31,75.0,51.6,8,33.1,0,0
Industrial Corridor,91.0,82,71.5,49.0,0,15,66.3,56.5,4,42.7,0,0
Urban Infrastructure,124.6,128,70.1,63.6,1,8,52.0,27.8,14,15.0,1,17
Highway,524.7,791,78.5,100.0,2,27,51.0,22.7,18,14.4,1,69
Urban Infrastructure,476.5,957,56.6,32.5,5,12,39.2,29.8,6,30.1,1,554
Irrigation,456.1,281,75.1,61.5,2,9,74.9,71.3,11,11.8,0,0
Irrigation,376.4,324,54.1,46.6,1,27,50.7,36.0,2,8.9,0,0
Industrial Corridor,185.0,265,65.4,85.1,0,10,59.2,41.6,9,8.4,1,15
Industrial Corridor,170.1,358,44.2,40.4,2,35,67.8,76.1,4,27.6,1,74
Industrial Corridor,267.3,176,65.5,69.8,1,4,63.1,50.6,4,3.6,0,0
Railway,579.5,257,62.8,71.8,0,9,62.9,57.7,7,21.6,1,80
Irrigation,317.7,96,87.1,81.0,2,9,44.9,42.2,4,2.0,0,0
Railway,119.2,26,71.1,70.6,2,33,68.4,69.8,9,30.8,0,0
Highway,73.7,36,74.0,72.6,1,19,56.7,57.1,7,31.6,0,0
Irrigation,486.6,620,71.6,53.2,4,32,61.3,33.5,5,23.7,1,15
Highway,701.2,923,37.9,26.3,3,8,86.2,82.7,4,39.0,1,208
Highway,56.8,54,40.0,38.9,0,32,73.1,46.9,10,34.8,1,31
Highway,497.6,318,66.9,67.6,4,29,51.6,40.6,11,17.3,0,0
Highway,370.3,364,76.5,74.9,1,10,60.0,68.0,8,16.3,0,0
Irrigation,144.1,115,68.2,63.7,2,10,95.0,83.1,11,35.7,0,0
Irrigation,320.7,211,58.2,42.0,1,10,56.9,65.7,3,33.5,1,267
Railway,102.6,96,68.2,74.8,2,58,63.8,45.7,4,23.0,1,15
Highway,232.9,145,66.8,38.4,0,18,76.3,70.4,5,6.6,0,0
Railway,278.2,258,84.5,68.3,3,7,67.3,45.5,3,36.2,1,53
Railway,621.7,631,83.6,100.0,2,10,55.5,25.0,1,26.7,0,0
Industrial Corridor,224.3,260,63.1,53.9,0,80,48.1,65.1,6,25.4,0,0
Irrigation,157.7,39,71.2,48.6,1,21,62.8,60.7,4,2.0,0,0
Railway,351.0,525,76.4,63.0,3,16,76.2,85.3,5,31.9,0,0
Railway,408.8,301,78.8,76.6,0,4,89.4,48.0,4,25.3,0,0
Urban Infrastructure,153.0,309,98.4,91.3,1,9,33.7,31.3,5,20.1,0,0
Industrial Corridor,115.2,147,71.5,61.0,0,41,98.3,100.0,7,16.8,0,0
Railway,124.0,56,90.7,71.9,2,22,57.2,14.6,11,27.2,0,0
Railway,623.2,670,53.4,65.2,5,9,81.5,83.4,14,31.1,1,107
Highway,396.6,569,61.8,62.3,2,76,48.2,63.5,6,21.8,1,61
Urban Infrastructure,213.1,145,37.8,6.9,3,21,30.8,39.2,4,32.2,1,36
Highway,556.0,239,74.4,65.9,2,88,36.7,25.6,2,13.3,1,50
Highway,152.0,58,82.4,53.0,2,8,56.4,46.7,22,18.8,1,68
Urban Infrastructure,259.5,77,31.1,5.0,1,6,73.5,77.0,11,33.5,0,0
Industrial Corridor,101.0,17,75.0,73.9,4,18,63.6,61.9,8,21.6,0,0
Highway,540.2,403,81.7,90.5,3,4,58.0,48.2,3,44.9,0,0
Highway,142.0,56,80.8,76.5,2,14,85.4,56.5,1,29.0,0,0
Highway,144.7,76,52.9,29.5,1,28,63.0,49.0,2,13.2,1,61
Irrigation,356.5,730,84.4,59.1,5,26,68.6,68.0,5,8.7,0,0
Highway,27.4,28,72.1,32.3,3,21,100.0,94.4,4,34.6,0,0
Urban Infrastructure,81.6,36,81.5,74.0,3,9,62.8,42.3,4,19.3,1,29
Urban Infrastructure,446.3,1150,70.0,55.2,5,35,49.1,14.9,5,36.1,1,34
Irrigation,122.4,113,78.1,80.1,1,16,72.6,80.2,12,20.1,0,0
Irrigation,1094.4,68,89.7,100.0,1,2,77.7,52.0,3,28.7,1,15
Highway,308.9,757,68.7,61.3,4,8,69.0,64.7,2,22.3,0,0
Highway,52.6,93,76.5,84.7,4,8,66.1,81.5,3,28.8,0,0
Industrial Corridor,724.2,683,92.0,75.0,4,40,92.6,100.0,3,34.0,0,0
Highway,308.6,229,69.9,88.2,3,8,90.1,61.1,5,26.2,0,0
Highway,237.4,300,54.0,56.4,2,25,60.7,29.9,2,33.3,0,0
Highway,307.8,276,82.8,71.1,1,3,50.1,49.6,9,7.3,1,28
Highway,52.1,31,95.0,81.8,1,28,71.6,65.8,4,30.6,0,0
Railway,265.9,151,92.6,85.3,1,4,50.0,67.7,6,26.3,0,0
Industrial Corridor,130.1,179,83.4,49.3,3,39,80.7,60.3,7,23.1,0,0
Industrial Corridor,253.9,112,34.5,5.0,1,16,71.5,62.9,5,2.0,1,37
Irrigation,189.0,259,61.8,63.4,1,32,100.0,100.0,11,7.6,0,0
Industrial Corridor,296.5,241,62.6,32.1,1,15,92.5,80.4,14,28.5,1,115
Railway,213.0,55,72.7,40.0,2,11,41.4,53.2,3,29.9,1,38
Industrial Corridor,179.5,257,99.0,92.7,3,4,52.6,35.2,4,30.5,0,0
Railway,117.9,53,54.7,46.1,0,3,24.7,31.9,3,25.9,1,130
Highway,54.8,27,100.0,92.7,0,10,20.2,6.1,2,12.8,0,0
Urban Infrastructure,42.9,30,65.9,66.9,1,18,65.3,66.1,10,14.7,0,0
Highway,84.3,65,59.7,59.3,1,6,39.2,65.7,9,2.8,0,0
Highway,423.1,401,85.5,59.0,2,64,95.8,71.9,4,27.4,0,0
Highway,112.1,156,86.8,72.7,1,45,86.2,61.4,4,47.0,0,0
Railway,156.3,213,82.4,82.2,1,16,57.6,56.4,8,25.0,0,0
Railway,157.5,88,59.7,64.7,0,49,56.4,43.3,6,17.6,0,0
Irrigation,191.4,109,80.0,82.6,0,16,92.7,77.1,8,26.3,0,0
Urban Infrastructure,374.2,488,55.5,49.8,2,6,97.3,81.2,5,24.5,1,21
Highway,211.4,84,59.2,38.4,2,14,44.3,9.4,7,6.9,1,57
Irrigation,478.1,388,70.5,74.5,0,30,41.8,26.5,12,28.8,1,15
Railway,85.3,145,58.9,38.3,1,9,57.0,53.4,6,24.8,1,15
Industrial Corridor,444.6,271,88.8,78.0,3,55,71.6,56.2,16,24.1,0,0
Highway,668.9,195,62.7,52.7,2,12,52.7,50.1,8,47.9,1,150
Highway,263.4,118,68.5,46.1,2,32,72.0,79.0,1,24.9,0,0
Railway,104.8,49,57.9,38.1,2,15,100.0,72.7,6,46.0,1,34
Irrigation,379.4,161,88.6,100.0,1,9,34.9,17.9,10,16.9,0,0
Industrial Corridor,266.8,181,61.3,68.5,0,6,54.1,73.0,9,9.4,0,0
Irrigation,334.0,809,90.3,85.5,3,35,35.3,36.6,10,17.1,0,0
Industrial Corridor,487.5,516,89.1,76.1,2,23,46.3,25.9,7,38.9,1,40
Railway,198.8,143,64.9,37.8,2,10,57.1,71.6,16,17.7,1,82
Highway,174.7,132,72.5,63.6,1,36,48.5,50.8,10,10.3,0,0
Highway,1232.3,628,64.4,32.5,3,10,73.4,24.5,7,29.7,1,74
Highway,382.8,289,80.7,82.6,2,22,66.0,62.0,8,21.8,0,0
Railway,545.4,906,68.9,68.4,4,25,69.0,43.8,21,32.3,1,141
Railway,468.5,388,65.3,61.6,3,70,56.9,25.4,15,18.6,1,36
Railway,549.9,747,72.7,76.1,3,68,58.7,63.3,6,15.8,0,0
Irrigation,342.1,430,46.7,22.5,1,10,56.0,43.0,8,44.3,0,0
Railway,506.3,1195,70.8,100.0,7,8,58.0,18.1,16,16.8,1,230
Irrigation,157.1,195,82.4,81.4,1,21,71.4,55.5,3,16.8,0,0
Irrigation,53.3,121,74.2,50.1,1,39,24.5,0.0,5,31.1,0,0
Highway,125.4,178,87.2,83.6,3,2,68.8,69.4,12,2.0,0,0
Railway,238.5,226,66.0,43.0,3,57,45.6,9.6,4,34.1,1,15
Irrigation,215.3,104,64.7,25.9,0,13,56.2,46.9,6,45.7,1,45
Irrigation,268.0,363,54.1,45.0,1,38,31.8,27.7,8,35.5,1,60
Highway,149.6,212,65.5,41.1,1,13,55.8,37.2,11,14.5,1,42
Railway,32.3,47,100.0,58.1,0,53,68.6,61.3,3,18.0,0,0
Irrigation,194.5,18,76.4,62.8,1,13,72.1,64.4,12,26.7,0,0
Irrigation,75.2,45,62.6,55.3,0,31,39.3,23.0,7,30.0,1,146
Highway,259.5,273,55.9,35.3,0,19,71.2,89.3,8,43.8,0,0
Railway,353.7,222,46.4,21.8,5,6,85.8,88.8,2,43.3,0,0
Urban Infrastructure,191.5,108,58.7,51.2,2,12,53.1,33.3,7,23.6,0,0
Highway,99.0,50,84.1,82.9,1,2,63.0,39.1,3,20.2,0,0
Urban Infrastructure,278.1,73,65.2,33.2,0,11,21.6,7.2,17,17.4,1,15
Highway,1275.5,1299,56.7,52.5,8,24,45.1,32.0,5,33.1,1,249
Railway,382.7,207,58.4,33.7,1,51,68.4,53.4,14,37.9,1,162
Railway,402.7,246,82.4,70.7,1,18,82.1,58.7,8,26.8,0,0
Highway,176.0,126,70.7,37.1,3,86,51.0,63.4,15,26.0,1,23
Urban Infrastructure,133.7,149,62.0,65.9,1,42,100.0,98.6,1,49.2,1,66
Railway,550.8,513,67.1,71.0,2,9,69.3,61.4,4,33.5,0,0
Urban Infrastructure,19.5,18,100.0,80.0,1,19,37.5,25.6,14,3.4,0,0
Highway,145.7,21,91.5,99.3,1,28,88.7,100.0,19,25.6,0,0
Urban Infrastructure,768.9,1056,95.5,85.9,0,13,37.9,47.8,6,28.2,0,0
Urban Infrastructure,247.8,483,44.0,14.3,2,24,69.6,60.8,5,23.0,1,164
Irrigation,60.8,54,69.6,86.6,0,11,44.4,20.2,2,39.9,0,0
Highway,361.1,140,61.7,48.1,2,18,35.9,33.2,2,22.4,1,37
Irrigation,192.5,111,80.7,55.7,0,47,82.2,83.2,2,15.2,0,0
Irrigation,47.0,19,89.0,81.4,0,12,57.8,40.9,7,18.2,1,150
Urban Infrastructure,314.4,573,77.2,82.2,1,4,97.5,93.4,7,33.4,0,0
Railway,281.5,171,58.0,53.7,4,69,42.6,20.4,3,11.1,1,30
Highway,269.7,247,61.4,65.1,1,36,31.8,26.1,4,20.6,0,0
Highway,378.9,265,81.9,72.9,0,27,53.4,61.1,6,35.3,0,0
Irrigation,93.0,101,83.5,79.4,1,56,100.0,69.7,1,11.0,0,0
Urban Infrastructure,337.4,155,74.3,73.5,3,37,79.7,52.1,8,14.6,0,0
Highway,296.6,266,74.1,59.6,1,13,74.1,79.4,9,7.4,0,0
Industrial Corridor,543.1,333,72.8,42.7,1,69,74.7,59.8,10,16.1,0,0
Urban Infrastructure,144.1,213,76.3,63.7,0,24,53.3,49.2,9,20.3,1,32
Highway,607.4,95,83.5,56.7,0,33,100.0,81.7,6,23.4,0,0
Highway,463.0,303,82.1,52.0,1,3,72.2,76.3,16,15.9,0,0
Irrigation,240.5,336,72.4,72.6,6,7,70.3,48.2,5,21.8,1,41
Irrigation,269.6,352,71.2,59.4,0,6,82.7,55.8,9,36.8,0,0
Highway,21.9,6,70.6,68.5,0,5,37.5,42.7,3,29.7,0,0
Industrial Corridor,264.0,323,59.5,72.3,1,29,45.4,35.4,3,49.5,1,74
Irrigation,441.5,191,59.3,46.3,3,9,58.1,30.9,3,18.6,0,0
Urban Infrastructure,213.0,111,80.7,87.4,1,23,82.8,88.8,9,21.1,0,0
Urban Infrastructure,542.2,734,60.6,45.8,4,37,37.0,38.0,3,27.7,1,57
Industrial Corridor,365.5,236,85.0,98.8,3,10,61.7,42.8,9,20.3,0,0
Railway,922.1,244,71.2,60.8,2,8,58.8,52.2,9,25.7,1,108
Highway,152.8,55,85.1,99.1,1,3,31.5,46.1,18,4.9,0,0
Railway,413.0,337,82.2,64.8,2,45,52.8,48.6,3,21.9,1,36
Highway,77.4,49,85.5,83.0,2,11,73.8,38.6,2,35.7,0,0
Irrigation,228.4,143,64.4,63.3,3,58,33.3,0.0,7,46.9,1,147
Highway,380.6,409,78.5,54.7,2,27,91.2,91.8,14,41.9,0,0
Railway,430.7,415,83.8,80.3,2,50,72.4,77.1,7,27.4,0,0
Highway,200.3,133,47.2,37.6,1,5,69.9,67.8,29,31.3,1,23
Highway,581.6,767,99.2,94.0,1,32,63.2,27.2,9,29.6,1,84
Highway,666.0,719,100.0,84.9,1,33,41.2,19.6,8,19.9,1,46
Irrigation,154.3,144,87.2,64.6,1,43,50.0,19.0,6,15.4,0,0
Industrial Corridor,233.9,134,84.9,65.2,4,9,70.2,46.2,9,28.7,1,52
Highway,215.6,310,81.4,79.9,1,11,50.0,60.8,13,24.8,0,0
Urban Infrastructure,175.8,109,66.8,41.9,0,44,66.8,72.0,8,35.2,0,0
Urban Infrastructure,638.9,420,70.2,75.0,1,4,45.0,46.4,13,2.0,0,0
Railway,634.0,1170,87.4,89.8,2,8,72.0,70.8,8,24.1,0,0
Irrigation,221.3,99,56.4,50.2,1,31,73.5,74.7,2,39.3,0,0
Railway,411.6,183,55.0,32.3,1,13,30.4,29.8,2,32.3,1,61
Highway,538.0,362,65.6,74.0,3,15,64.3,45.7,11,15.2,1,15
Irrigation,317.5,123,82.5,62.0,1,1,32.6,21.6,8,11.6,1,88
Highway,208.5,82,58.1,50.9,2,55,25.8,0.0,13,25.5,1,126
Urban Infrastructure,145.1,263,68.4,66.5,0,14,51.1,38.3,11,34.6,0,0
Urban Infrastructure,438.8,292,70.3,46.9,5,30,100.0,100.0,2,31.7,0,0
Industrial Corridor,83.9,80,55.8,59.0,2,45,78.5,66.7,5,27.3,1,51
Irrigation,212.9,63,33.0,5.0,1,14,90.8,100.0,3,33.1,0,0
Irrigation,185.1,78,55.6,50.1,0,30,75.2,100.0,7,28.8,0,0
Urban Infrastructure,78.9,154,76.2,66.1,2,56,67.1,48.5,6,32.6,0,0
Highway,248.2,96,79.8,50.2,0,35,80.9,56.6,2,36.3,1,93
Highway,230.1,222,79.9,69.4,2,26,50.2,40.1,5,21.1,0,0
Irrigation,120.4,10,81.8,57.2,0,35,72.4,69.3,5,16.3,1,15
Railway,623.0,175,62.0,81.3,3,38,86.5,97.6,9,34.0,1,15
Railway,440.9,291,58.6,56.8,0,18,77.0,50.5,7,20.4,1,15
Highway,272.8,353,78.0,64.4,2,57,87.9,71.5,4,4.6,0,0
Irrigation,487.3,385,68.6,45.5,1,22,66.7,53.3,4,41.7,0,0
Highway,566.1,394,86.5,67.7,4,40,96.8,87.9,2,28.8,0,0
Highway,641.6,725,78.1,60.6,1,7,58.8,56.8,11,28.3,0,0
Highway,152.0,135,92.5,69.6,2,18,100.0,100.0,11,24.0,0,0
Railway,487.2,111,64.6,49.9,1,9,74.5,61.7,14,35.2,1,39
Urban Infrastructure,230.9,175,89.1,100.0,3,28,55.3,54.4,4,11.9,0,0
Railway,309.7,180,100.0,71.8,3,7,39.4,36.8,16,26.0,1,38
Irrigation,158.5,108,72.9,76.6,3,35,46.8,12.0,11,29.1,1,226
Industrial Corridor,263.4,150,80.0,67.6,3,29,43.8,35.5,12,32.1,0,0
Railway,492.0,376,57.1,46.6,3,16,61.2,89.0,5,7.2,0,0
Industrial Corridor,749.4,738,86.3,77.6,1,37,37.5,36.5,5,32.5,1,25
Irrigation,244.6,79,90.1,97.6,1,7,88.9,94.9,10,21.4,0,0
Irrigation,123.9,62,64.1,83.2,0,35,65.2,58.3,14,18.8,0,0
Highway,822.2,912,81.4,87.4,5,8,64.4,76.8,17,8.8,1,30
Highway,147.1,175,76.5,56.9,0,11,39.7,24.2,15,50.6,0,0
Urban Infrastructure,54.6,91,78.3,90.6,0,45,47.6,43.0,9,24.6,1,21
Industrial Corridor,169.2,135,85.0,89.3,2,45,18.6,16.7,3,28.7,0,0
Urban Infrastructure,24.8,12,80.3,66.4,2,27,95.4,84.2,1,14.4,0,0
Urban Infrastructure,547.8,275,69.8,76.2,3,85,34.6,26.7,11,9.2,0,0
Highway,138.9,109,85.3,84.9,1,61,36.2,29.2,4,35.0,0,0
Industrial Corridor,97.0,41,89.8,80.7,1,16,91.3,85.7,20,11.2,0,0
Railway,289.0,464,63.1,51.1,0,8,70.8,62.1,15,40.3,0,0
Industrial Corridor,749.7,425,72.0,78.7,2,35,65.4,51.3,7,45.8,0,0
Highway,370.3,548,43.7,33.7,3,23,69.8,57.5,7,17.5,1,125
Highway,82.6,32,81.3,67.7,1,30,82.1,56.2,10,20.9,0,0
Industrial Corridor,1009.9,689,91.6,100.0,3,32,65.0,64.2,7,2.0,1,95
Industrial Corridor,340.1,211,67.9,56.9,1,10,32.1,19.5,10,6.8,0,0
Irrigation,511.3,149,74.1,76.1,0,7,77.7,32.0,7,33.0,0,0
Highway,66.0,43,68.5,58.8,1,31,71.4,63.0,5,39.8,0,0
Highway,901.9,799,65.9,47.8,1,30,86.4,77.4,4,17.4,0,0
Urban Infrastructure,197.3,29,75.7,70.2,0,5,38.0,48.0,5,19.1,0,0
Railway,60.4,63,59.5,38.7,2,11,48.4,50.1,8,8.6,1,32
Railway,314.5,293,68.2,49.1,0,7,70.8,63.4,3,13.6,0,0
Irrigation,511.2,386,57.5,36.8,2,21,44.1,27.1,12,40.6,1,104
Railway,410.1,476,81.4,67.8,0,18,15.9,0.0,8,29.4,1,260
Irrigation,405.1,488,75.8,52.4,4,3,66.9,53.0,6,6.3,0,0
Railway,385.1,1115,65.1,51.7,2,21,80.9,59.8,3,32.2,0,0
Industrial Corridor,294.3,83,72.6,87.9,1,24,60.4,66.4,13,52.1,0,0
Urban Infrastructure,65.7,114,68.5,71.6,2,25,74.0,57.7,16,21.7,0,0
Urban Infrastructure,228.2,304,90.3,85.3,0,7,71.1,61.9,1,18.7,0,0
Irrigation,204.6,190,64.9,58.1,2,19,63.2,52.3,8,32.4,0,0
Railway,643.3,252,82.2,69.2,0,49,65.7,62.1,14,37.1,0,0
Industrial Corridor,548.4,325,60.7,64.0,2,11,90.0,95.3,10,35.0,0,0
Industrial Corridor,183.9,99,85.0,48.9,0,47,43.7,52.9,2,22.5,1,122
Irrigation,457.7,324,88.6,82.0,3,13,78.5,64.7,6,21.4,0,0
Irrigation,253.8,288,89.4,81.5,1,41,39.4,22.9,3,7.0,0,0
Industrial Corridor,54.9,85,95.5,96.9,1,30,47.1,40.0,3,12.5,0,0
Irrigation,22.2,45,76.7,82.7,2,20,86.9,78.1,7,30.0,0,0
Industrial Corridor,421.0,251,91.8,85.6,0,26,38.8,40.6,9,20.1,0,0
Highway,108.6,92,98.0,89.6,2,38,58.2,41.7,5,28.7,1,29
Railway,108.2,48,54.0,47.2,2,6,100.0,90.1,7,23.4,0,0
Irrigation,150.5,206,62.3,31.1,2,52,83.5,80.0,9,26.7,1,30
Highway,427.5,413,48.1,41.9,1,27,48.3,26.3,2,26.2,1,192
Urban Infrastructure,553.4,370,89.0,82.2,2,7,51.7,33.0,3,34.2,0,0
Irrigation,545.5,146,47.9,28.5,0,38,59.6,73.6,4,35.3,1,109
Highway,48.1,41,43.5,37.9,1,21,89.2,79.5,5,25.8,0,0
Industrial Corridor,145.1,131,54.4,38.8,3,32,43.0,48.4,6,23.8,1,121
Industrial Corridor,125.8,27,44.2,54.1,0,18,41.8,30.7,7,25.6,1,25
Industrial Corridor,427.3,140,76.4,86.2,1,35,77.3,100.0,5,17.4,0,0
Railway,147.1,124,54.6,44.9,1,11,29.4,17.4,10,37.9,1,26
Urban Infrastructure,240.1,461,45.0,40.2,1,15,44.8,25.1,5,19.8,1,378
